{
  "dataset_revision": "bb0713ed1ed136b2974fce68df7e26388040b650",
  "task_name": "CIRRIT2IRetrieval",
  "mteb_version": "2.8.0",
  "scores": {
    "test": [
      {
        "ndcg_at_1": 0.00839,
        "ndcg_at_3": 0.03759,
        "ndcg_at_5": 0.04826,
        "ndcg_at_10": 0.06359,
        "ndcg_at_20": 0.0787,
        "ndcg_at_100": 0.11536,
        "ndcg_at_1000": 0.16164,
        "map_at_1": 0.00408,
        "map_at_3": 0.03004,
        "map_at_5": 0.03591,
        "map_at_10": 0.04222,
        "map_at_20": 0.04634,
        "map_at_100": 0.05104,
        "map_at_1000": 0.05256,
        "recall_at_1": 0.00408,
        "recall_at_3": 0.05923,
        "recall_at_5": 0.08537,
        "recall_at_10": 0.13285,
        "recall_at_20": 0.19281,
        "recall_at_100": 0.39604,
        "recall_at_1000": 0.77314,
        "accuracy": 0.00408,
        "precision_at_1": 0.00839,
        "precision_at_3": 0.02302,
        "precision_at_5": 0.01904,
        "precision_at_10": 0.01427,
        "precision_at_20": 0.01013,
        "precision_at_100": 0.00406,
        "precision_at_1000": 0.00078,
        "mrr_at_1": 0.008393,
        "mrr_at_3": 0.030216,
        "mrr_at_5": 0.036151,
        "mrr_at_10": 0.042476,
        "mrr_at_20": 0.046574,
        "mrr_at_100": 0.051275,
        "mrr_at_1000": 0.052795,
        "nauc_ndcg_at_1_max": -0.076346,
        "nauc_ndcg_at_1_std": -0.11644,
        "nauc_ndcg_at_1_diff1": -0.552762,
        "nauc_ndcg_at_3_max": -0.03623,
        "nauc_ndcg_at_3_std": 0.008603,
        "nauc_ndcg_at_3_diff1": -0.18067,
        "nauc_ndcg_at_5_max": -0.016125,
        "nauc_ndcg_at_5_std": 0.031464,
        "nauc_ndcg_at_5_diff1": -0.138934,
        "nauc_ndcg_at_10_max": -0.001919,
        "nauc_ndcg_at_10_std": 0.054577,
        "nauc_ndcg_at_10_diff1": -0.091777,
        "nauc_ndcg_at_20_max": -0.000119,
        "nauc_ndcg_at_20_std": 0.075084,
        "nauc_ndcg_at_20_diff1": -0.099924,
        "nauc_ndcg_at_100_max": -0.001584,
        "nauc_ndcg_at_100_std": 0.120308,
        "nauc_ndcg_at_100_diff1": -0.10769,
        "nauc_ndcg_at_1000_max": -0.002156,
        "nauc_ndcg_at_1000_std": 0.150316,
        "nauc_ndcg_at_1000_diff1": -0.113381,
        "nauc_map_at_1_max": -0.073812,
        "nauc_map_at_1_std": -0.107656,
        "nauc_map_at_1_diff1": -0.552116,
        "nauc_map_at_3_max": -0.03911,
        "nauc_map_at_3_std": -0.000865,
        "nauc_map_at_3_diff1": -0.203282,
        "nauc_map_at_5_max": -0.02288,
        "nauc_map_at_5_std": 0.017512,
        "nauc_map_at_5_diff1": -0.168037,
        "nauc_map_at_10_max": -0.014079,
        "nauc_map_at_10_std": 0.032465,
        "nauc_map_at_10_diff1": -0.134795,
        "nauc_map_at_20_max": -0.012109,
        "nauc_map_at_20_std": 0.042847,
        "nauc_map_at_20_diff1": -0.135926,
        "nauc_map_at_100_max": -0.012479,
        "nauc_map_at_100_std": 0.053071,
        "nauc_map_at_100_diff1": -0.135189,
        "nauc_map_at_1000_max": -0.012459,
        "nauc_map_at_1000_std": 0.05602,
        "nauc_map_at_1000_diff1": -0.135931,
        "nauc_recall_at_1_max": -0.073812,
        "nauc_recall_at_1_std": -0.107656,
        "nauc_recall_at_1_diff1": -0.552116,
        "nauc_recall_at_3_max": -0.032983,
        "nauc_recall_at_3_std": 0.023617,
        "nauc_recall_at_3_diff1": -0.145769,
        "nauc_recall_at_5_max": -0.007714,
        "nauc_recall_at_5_std": 0.050784,
        "nauc_recall_at_5_diff1": -0.099898,
        "nauc_recall_at_10_max": 0.012542,
        "nauc_recall_at_10_std": 0.081696,
        "nauc_recall_at_10_diff1": -0.041444,
        "nauc_recall_at_20_max": 0.011265,
        "nauc_recall_at_20_std": 0.110431,
        "nauc_recall_at_20_diff1": -0.067416,
        "nauc_recall_at_100_max": 0.006825,
        "nauc_recall_at_100_std": 0.200533,
        "nauc_recall_at_100_diff1": -0.095478,
        "nauc_recall_at_1000_max": 0.008332,
        "nauc_recall_at_1000_std": 0.362583,
        "nauc_recall_at_1000_diff1": -0.106984,
        "nauc_precision_at_1_max": -0.076346,
        "nauc_precision_at_1_std": -0.11644,
        "nauc_precision_at_1_diff1": -0.552762,
        "nauc_precision_at_3_max": -0.039172,
        "nauc_precision_at_3_std": 0.00175,
        "nauc_precision_at_3_diff1": -0.203276,
        "nauc_precision_at_5_max": -0.014813,
        "nauc_precision_at_5_std": 0.032115,
        "nauc_precision_at_5_diff1": -0.146354,
        "nauc_precision_at_10_max": 0.005892,
        "nauc_precision_at_10_std": 0.065878,
        "nauc_precision_at_10_diff1": -0.079425,
        "nauc_precision_at_20_max": 0.006229,
        "nauc_precision_at_20_std": 0.096629,
        "nauc_precision_at_20_diff1": -0.095105,
        "nauc_precision_at_100_max": 0.002285,
        "nauc_precision_at_100_std": 0.185727,
        "nauc_precision_at_100_diff1": -0.116515,
        "nauc_precision_at_1000_max": 0.001059,
        "nauc_precision_at_1000_std": 0.322751,
        "nauc_precision_at_1000_diff1": -0.137327,
        "nauc_mrr_at_1_max": -0.076346,
        "nauc_mrr_at_1_std": -0.11644,
        "nauc_mrr_at_1_diff1": -0.552762,
        "nauc_mrr_at_3_max": -0.03551,
        "nauc_mrr_at_3_std": -0.00374,
        "nauc_mrr_at_3_diff1": -0.204474,
        "nauc_mrr_at_5_max": -0.020442,
        "nauc_mrr_at_5_std": 0.015526,
        "nauc_mrr_at_5_diff1": -0.169882,
        "nauc_mrr_at_10_max": -0.01241,
        "nauc_mrr_at_10_std": 0.031029,
        "nauc_mrr_at_10_diff1": -0.13687,
        "nauc_mrr_at_20_max": -0.01031,
        "nauc_mrr_at_20_std": 0.041125,
        "nauc_mrr_at_20_diff1": -0.137625,
        "nauc_mrr_at_100_max": -0.010737,
        "nauc_mrr_at_100_std": 0.051389,
        "nauc_mrr_at_100_diff1": -0.136844,
        "nauc_mrr_at_1000_max": -0.010696,
        "nauc_mrr_at_1000_std": 0.054287,
        "nauc_mrr_at_1000_diff1": -0.137601,
        "cv_recall_at_1": 0.00839,
        "cv_recall_at_3": 0.05899,
        "cv_recall_at_5": 0.08537,
        "cv_recall_at_10": 0.13309,
        "cv_recall_at_20": 0.19281,
        "cv_recall_at_100": 0.39616,
        "cv_recall_at_1000": 0.77314,
        "main_score": 0.06359,
        "hf_subset": "default",
        "languages": [
          "eng-Latn"
        ]
      }
    ]
  },
  "evaluation_time": 274.13264775276184,
  "kg_co2_emissions": null
}