{
  "dataset_revision": "ad08c1307b15a226bf1b64e62656a17f1f85f7ec",
  "task_name": "CUB200I2IRetrieval",
  "mteb_version": "2.8.0",
  "scores": {
    "test": [
      {
        "ndcg_at_1": 0.0,
        "ndcg_at_3": 0.11871,
        "ndcg_at_5": 0.1329,
        "ndcg_at_10": 0.13326,
        "ndcg_at_20": 0.12001,
        "ndcg_at_100": 0.17652,
        "ndcg_at_1000": 0.336,
        "map_at_1": 0.0,
        "map_at_3": 0.0079,
        "map_at_5": 0.01348,
        "map_at_10": 0.02242,
        "map_at_20": 0.03184,
        "map_at_100": 0.05192,
        "map_at_1000": 0.06895,
        "recall_at_1": 0.0,
        "recall_at_3": 0.01596,
        "recall_at_5": 0.02815,
        "recall_at_10": 0.05201,
        "recall_at_20": 0.08564,
        "recall_at_100": 0.226,
        "recall_at_1000": 0.64189,
        "accuracy": 0.0,
        "precision_at_1": 0.0,
        "precision_at_3": 0.14728,
        "precision_at_5": 0.15616,
        "precision_at_10": 0.14472,
        "precision_at_20": 0.11942,
        "precision_at_100": 0.0634,
        "precision_at_1000": 0.01812,
        "mrr_at_1": 0.0,
        "mrr_at_3": 0.158037,
        "mrr_at_5": 0.185022,
        "mrr_at_10": 0.205966,
        "mrr_at_20": 0.214902,
        "mrr_at_100": 0.220081,
        "mrr_at_1000": 0.220421,
        "nauc_ndcg_at_1_max": NaN,
        "nauc_ndcg_at_1_std": NaN,
        "nauc_ndcg_at_1_diff1": NaN,
        "nauc_ndcg_at_3_max": -0.021379,
        "nauc_ndcg_at_3_std": 0.119476,
        "nauc_ndcg_at_3_diff1": -0.099794,
        "nauc_ndcg_at_5_max": -0.013362,
        "nauc_ndcg_at_5_std": 0.143408,
        "nauc_ndcg_at_5_diff1": -0.103825,
        "nauc_ndcg_at_10_max": -0.007804,
        "nauc_ndcg_at_10_std": 0.174635,
        "nauc_ndcg_at_10_diff1": -0.108524,
        "nauc_ndcg_at_20_max": -0.008205,
        "nauc_ndcg_at_20_std": 0.198805,
        "nauc_ndcg_at_20_diff1": -0.111205,
        "nauc_ndcg_at_100_max": -0.014125,
        "nauc_ndcg_at_100_std": 0.266833,
        "nauc_ndcg_at_100_diff1": -0.115367,
        "nauc_ndcg_at_1000_max": -0.007506,
        "nauc_ndcg_at_1000_std": 0.343571,
        "nauc_ndcg_at_1000_diff1": -0.124877,
        "nauc_map_at_1_max": NaN,
        "nauc_map_at_1_std": NaN,
        "nauc_map_at_1_diff1": NaN,
        "nauc_map_at_3_max": -0.027958,
        "nauc_map_at_3_std": 0.12585,
        "nauc_map_at_3_diff1": -0.088466,
        "nauc_map_at_5_max": -0.019094,
        "nauc_map_at_5_std": 0.153644,
        "nauc_map_at_5_diff1": -0.098241,
        "nauc_map_at_10_max": -0.014399,
        "nauc_map_at_10_std": 0.191732,
        "nauc_map_at_10_diff1": -0.109094,
        "nauc_map_at_20_max": -0.009826,
        "nauc_map_at_20_std": 0.218903,
        "nauc_map_at_20_diff1": -0.115716,
        "nauc_map_at_100_max": -0.01573,
        "nauc_map_at_100_std": 0.282805,
        "nauc_map_at_100_diff1": -0.122823,
        "nauc_map_at_1000_max": -0.015578,
        "nauc_map_at_1000_std": 0.320064,
        "nauc_map_at_1000_diff1": -0.125749,
        "nauc_recall_at_1_max": NaN,
        "nauc_recall_at_1_std": NaN,
        "nauc_recall_at_1_diff1": NaN,
        "nauc_recall_at_3_max": -0.027085,
        "nauc_recall_at_3_std": 0.124739,
        "nauc_recall_at_3_diff1": -0.086313,
        "nauc_recall_at_5_max": -0.018044,
        "nauc_recall_at_5_std": 0.152985,
        "nauc_recall_at_5_diff1": -0.089567,
        "nauc_recall_at_10_max": -0.011821,
        "nauc_recall_at_10_std": 0.191074,
        "nauc_recall_at_10_diff1": -0.091404,
        "nauc_recall_at_20_max": -0.010965,
        "nauc_recall_at_20_std": 0.218218,
        "nauc_recall_at_20_diff1": -0.0955,
        "nauc_recall_at_100_max": -0.016146,
        "nauc_recall_at_100_std": 0.293859,
        "nauc_recall_at_100_diff1": -0.105527,
        "nauc_recall_at_1000_max": -0.003562,
        "nauc_recall_at_1000_std": 0.409581,
        "nauc_recall_at_1000_diff1": -0.104363,
        "nauc_precision_at_1_max": NaN,
        "nauc_precision_at_1_std": NaN,
        "nauc_precision_at_1_diff1": NaN,
        "nauc_precision_at_3_max": -0.023224,
        "nauc_precision_at_3_std": 0.121676,
        "nauc_precision_at_3_diff1": -0.100559,
        "nauc_precision_at_5_max": -0.012442,
        "nauc_precision_at_5_std": 0.149046,
        "nauc_precision_at_5_diff1": -0.103207,
        "nauc_precision_at_10_max": -0.005139,
        "nauc_precision_at_10_std": 0.184887,
        "nauc_precision_at_10_diff1": -0.106171,
        "nauc_precision_at_20_max": -0.004354,
        "nauc_precision_at_20_std": 0.212113,
        "nauc_precision_at_20_diff1": -0.110912,
        "nauc_precision_at_100_max": -0.009306,
        "nauc_precision_at_100_std": 0.285754,
        "nauc_precision_at_100_diff1": -0.122886,
        "nauc_precision_at_1000_max": 0.010541,
        "nauc_precision_at_1000_std": 0.372166,
        "nauc_precision_at_1000_diff1": -0.129365,
        "nauc_mrr_at_1_max": NaN,
        "nauc_mrr_at_1_std": NaN,
        "nauc_mrr_at_1_diff1": NaN,
        "nauc_mrr_at_3_max": -0.014261,
        "nauc_mrr_at_3_std": 0.110595,
        "nauc_mrr_at_3_diff1": -0.095347,
        "nauc_mrr_at_5_max": -0.012818,
        "nauc_mrr_at_5_std": 0.118213,
        "nauc_mrr_at_5_diff1": -0.09956,
        "nauc_mrr_at_10_max": -0.006238,
        "nauc_mrr_at_10_std": 0.120262,
        "nauc_mrr_at_10_diff1": -0.101131,
        "nauc_mrr_at_20_max": -0.005736,
        "nauc_mrr_at_20_std": 0.117993,
        "nauc_mrr_at_20_diff1": -0.102913,
        "nauc_mrr_at_100_max": -0.006277,
        "nauc_mrr_at_100_std": 0.115006,
        "nauc_mrr_at_100_diff1": -0.102092,
        "nauc_mrr_at_1000_max": -0.006475,
        "nauc_mrr_at_1000_std": 0.115373,
        "nauc_mrr_at_1000_diff1": -0.102037,
        "cv_recall_at_1": 0.24474,
        "cv_recall_at_3": 0.41785,
        "cv_recall_at_5": 0.51156,
        "cv_recall_at_10": 0.64411,
        "cv_recall_at_20": 0.76372,
        "cv_recall_at_100": 0.94391,
        "cv_recall_at_1000": 0.99983,
        "main_score": 0.24474,
        "hf_subset": "default",
        "languages": [
          "eng-Latn"
        ]
      }
    ]
  },
  "evaluation_time": 138.7477560043335,
  "kg_co2_emissions": null
}