{
  "dataset_revision": "9926abb226c15b55dd8cce8c91cac1abf2326a61",
  "task_name": "CVBenchCount",
  "mteb_version": "2.8.0",
  "scores": {
    "test": [
      {
        "ndcg_at_1": 0.05203,
        "ndcg_at_3": 0.26909,
        "ndcg_at_5": 0.49892,
        "ndcg_at_10": 0.50525,
        "ndcg_at_20": 0.50525,
        "ndcg_at_100": 0.50525,
        "ndcg_at_1000": 0.50525,
        "map_at_1": 0.05203,
        "map_at_3": 0.21024,
        "map_at_5": 0.34196,
        "map_at_10": 0.34492,
        "map_at_20": 0.34492,
        "map_at_100": 0.34492,
        "map_at_1000": 0.34492,
        "recall_at_1": 0.05203,
        "recall_at_3": 0.44162,
        "recall_at_5": 0.98223,
        "recall_at_10": 1.0,
        "recall_at_20": 1.0,
        "recall_at_100": 1.0,
        "recall_at_1000": 1.0,
        "accuracy": 0.05203,
        "precision_at_1": 0.05203,
        "precision_at_3": 0.14721,
        "precision_at_5": 0.19645,
        "precision_at_10": 0.1,
        "precision_at_20": 0.05,
        "precision_at_100": 0.01,
        "precision_at_1000": 0.001,
        "mrr_at_1": 0.05203,
        "mrr_at_3": 0.210237,
        "mrr_at_5": 0.341963,
        "mrr_at_10": 0.344924,
        "mrr_at_20": 0.344924,
        "mrr_at_100": 0.344924,
        "mrr_at_1000": 0.344924,
        "nauc_ndcg_at_1_max": -0.239781,
        "nauc_ndcg_at_1_std": -0.300567,
        "nauc_ndcg_at_1_diff1": -0.35052,
        "nauc_ndcg_at_3_max": 0.104998,
        "nauc_ndcg_at_3_std": 0.028843,
        "nauc_ndcg_at_3_diff1": 0.108863,
        "nauc_ndcg_at_5_max": 0.022659,
        "nauc_ndcg_at_5_std": -0.048895,
        "nauc_ndcg_at_5_diff1": -0.027397,
        "nauc_ndcg_at_10_max": 0.012943,
        "nauc_ndcg_at_10_std": -0.06259,
        "nauc_ndcg_at_10_diff1": -0.023264,
        "nauc_ndcg_at_20_max": 0.012943,
        "nauc_ndcg_at_20_std": -0.06259,
        "nauc_ndcg_at_20_diff1": -0.023264,
        "nauc_ndcg_at_100_max": 0.012943,
        "nauc_ndcg_at_100_std": -0.06259,
        "nauc_ndcg_at_100_diff1": -0.023264,
        "nauc_ndcg_at_1000_max": 0.012943,
        "nauc_ndcg_at_1000_std": -0.06259,
        "nauc_ndcg_at_1000_diff1": -0.023264,
        "nauc_map_at_1_max": -0.239781,
        "nauc_map_at_1_std": -0.300567,
        "nauc_map_at_1_diff1": -0.35052,
        "nauc_map_at_3_max": 0.073175,
        "nauc_map_at_3_std": -0.004496,
        "nauc_map_at_3_diff1": 0.063142,
        "nauc_map_at_5_max": 0.01011,
        "nauc_map_at_5_std": -0.064235,
        "nauc_map_at_5_diff1": -0.033579,
        "nauc_map_at_10_max": 0.006264,
        "nauc_map_at_10_std": -0.069604,
        "nauc_map_at_10_diff1": -0.032205,
        "nauc_map_at_20_max": 0.006264,
        "nauc_map_at_20_std": -0.069604,
        "nauc_map_at_20_diff1": -0.032205,
        "nauc_map_at_100_max": 0.006264,
        "nauc_map_at_100_std": -0.069604,
        "nauc_map_at_100_diff1": -0.032205,
        "nauc_map_at_1000_max": 0.006264,
        "nauc_map_at_1000_std": -0.069604,
        "nauc_map_at_1000_diff1": -0.032205,
        "nauc_recall_at_1_max": -0.239781,
        "nauc_recall_at_1_std": -0.300567,
        "nauc_recall_at_1_diff1": -0.35052,
        "nauc_recall_at_3_max": 0.159349,
        "nauc_recall_at_3_std": 0.086587,
        "nauc_recall_at_3_diff1": 0.187859,
        "nauc_recall_at_5_max": 0.179244,
        "nauc_recall_at_5_std": 0.171821,
        "nauc_recall_at_5_diff1": -0.094002,
        "nauc_recall_at_10_max": NaN,
        "nauc_recall_at_10_std": NaN,
        "nauc_recall_at_10_diff1": NaN,
        "nauc_recall_at_20_max": NaN,
        "nauc_recall_at_20_std": NaN,
        "nauc_recall_at_20_diff1": NaN,
        "nauc_recall_at_100_max": NaN,
        "nauc_recall_at_100_std": NaN,
        "nauc_recall_at_100_diff1": NaN,
        "nauc_recall_at_1000_max": NaN,
        "nauc_recall_at_1000_std": NaN,
        "nauc_recall_at_1000_diff1": NaN,
        "nauc_precision_at_1_max": -0.239781,
        "nauc_precision_at_1_std": -0.300567,
        "nauc_precision_at_1_diff1": -0.35052,
        "nauc_precision_at_3_max": 0.159349,
        "nauc_precision_at_3_std": 0.086587,
        "nauc_precision_at_3_diff1": 0.187859,
        "nauc_precision_at_5_max": 0.179244,
        "nauc_precision_at_5_std": 0.171821,
        "nauc_precision_at_5_diff1": -0.094002,
        "nauc_precision_at_10_max": NaN,
        "nauc_precision_at_10_std": NaN,
        "nauc_precision_at_10_diff1": NaN,
        "nauc_precision_at_20_max": NaN,
        "nauc_precision_at_20_std": NaN,
        "nauc_precision_at_20_diff1": NaN,
        "nauc_precision_at_100_max": NaN,
        "nauc_precision_at_100_std": NaN,
        "nauc_precision_at_100_diff1": NaN,
        "nauc_precision_at_1000_max": 1.0,
        "nauc_precision_at_1000_std": 1.0,
        "nauc_precision_at_1000_diff1": 1.0,
        "nauc_mrr_at_1_max": -0.239781,
        "nauc_mrr_at_1_std": -0.300567,
        "nauc_mrr_at_1_diff1": -0.35052,
        "nauc_mrr_at_3_max": 0.073175,
        "nauc_mrr_at_3_std": -0.004496,
        "nauc_mrr_at_3_diff1": 0.063142,
        "nauc_mrr_at_5_max": 0.01011,
        "nauc_mrr_at_5_std": -0.064235,
        "nauc_mrr_at_5_diff1": -0.033579,
        "nauc_mrr_at_10_max": 0.006264,
        "nauc_mrr_at_10_std": -0.069604,
        "nauc_mrr_at_10_diff1": -0.032205,
        "nauc_mrr_at_20_max": 0.006264,
        "nauc_mrr_at_20_std": -0.069604,
        "nauc_mrr_at_20_diff1": -0.032205,
        "nauc_mrr_at_100_max": 0.006264,
        "nauc_mrr_at_100_std": -0.069604,
        "nauc_mrr_at_100_diff1": -0.032205,
        "nauc_mrr_at_1000_max": 0.006264,
        "nauc_mrr_at_1000_std": -0.069604,
        "nauc_mrr_at_1000_diff1": -0.032205,
        "cv_recall_at_1": 0.05203,
        "cv_recall_at_3": 0.44162,
        "cv_recall_at_5": 0.98223,
        "cv_recall_at_10": 1.0,
        "cv_recall_at_20": 1.0,
        "cv_recall_at_100": 1.0,
        "cv_recall_at_1000": 1.0,
        "main_score": 0.05203,
        "hf_subset": "default",
        "languages": [
          "eng-Latn"
        ]
      }
    ]
  },
  "evaluation_time": 48.05724906921387,
  "kg_co2_emissions": null
}