{
  "dataset_revision": "74e9e63bf8f802f8cfb4ba6e01f48efc4f49032c",
  "task_name": "Fashion200kI2TRetrieval",
  "mteb_version": "2.8.0",
  "scores": {
    "test": [
      {
        "ndcg_at_1": 0.00245,
        "ndcg_at_3": 0.00479,
        "ndcg_at_5": 0.00697,
        "ndcg_at_10": 0.01007,
        "ndcg_at_20": 0.01362,
        "ndcg_at_100": 0.02565,
        "ndcg_at_1000": 0.06277,
        "map_at_1": 0.00245,
        "map_at_3": 0.00419,
        "map_at_5": 0.00539,
        "map_at_10": 0.00662,
        "map_at_20": 0.00759,
        "map_at_100": 0.00902,
        "map_at_1000": 0.01003,
        "recall_at_1": 0.00245,
        "recall_at_3": 0.00655,
        "recall_at_5": 0.01186,
        "recall_at_10": 0.02168,
        "recall_at_20": 0.03579,
        "recall_at_100": 0.10411,
        "recall_at_1000": 0.41931,
        "accuracy": 0.00245,
        "precision_at_1": 0.00245,
        "precision_at_3": 0.00218,
        "precision_at_5": 0.00237,
        "precision_at_10": 0.00217,
        "precision_at_20": 0.00179,
        "precision_at_100": 0.00104,
        "precision_at_1000": 0.00042,
        "mrr_at_1": 0.002454,
        "mrr_at_3": 0.004193,
        "mrr_at_5": 0.00539,
        "mrr_at_10": 0.006624,
        "mrr_at_20": 0.007588,
        "mrr_at_100": 0.009023,
        "mrr_at_1000": 0.010029,
        "nauc_ndcg_at_1_max": 0.177433,
        "nauc_ndcg_at_1_std": 0.302639,
        "nauc_ndcg_at_1_diff1": -0.113597,
        "nauc_ndcg_at_3_max": 0.186042,
        "nauc_ndcg_at_3_std": 0.456965,
        "nauc_ndcg_at_3_diff1": 0.023135,
        "nauc_ndcg_at_5_max": 0.202654,
        "nauc_ndcg_at_5_std": 0.466813,
        "nauc_ndcg_at_5_diff1": 0.060896,
        "nauc_ndcg_at_10_max": 0.166805,
        "nauc_ndcg_at_10_std": 0.389338,
        "nauc_ndcg_at_10_diff1": 0.023127,
        "nauc_ndcg_at_20_max": 0.17958,
        "nauc_ndcg_at_20_std": 0.373439,
        "nauc_ndcg_at_20_diff1": 0.024375,
        "nauc_ndcg_at_100_max": 0.147053,
        "nauc_ndcg_at_100_std": 0.309391,
        "nauc_ndcg_at_100_diff1": 0.020281,
        "nauc_ndcg_at_1000_max": 0.16056,
        "nauc_ndcg_at_1000_std": 0.275144,
        "nauc_ndcg_at_1000_diff1": 0.009269,
        "nauc_map_at_1_max": 0.177433,
        "nauc_map_at_1_std": 0.302639,
        "nauc_map_at_1_diff1": -0.113597,
        "nauc_map_at_3_max": 0.190141,
        "nauc_map_at_3_std": 0.438768,
        "nauc_map_at_3_diff1": 1e-05,
        "nauc_map_at_5_max": 0.200158,
        "nauc_map_at_5_std": 0.450027,
        "nauc_map_at_5_diff1": 0.031014,
        "nauc_map_at_10_max": 0.179877,
        "nauc_map_at_10_std": 0.406432,
        "nauc_map_at_10_diff1": 0.011275,
        "nauc_map_at_20_max": 0.185605,
        "nauc_map_at_20_std": 0.396099,
        "nauc_map_at_20_diff1": 0.014399,
        "nauc_map_at_100_max": 0.173436,
        "nauc_map_at_100_std": 0.373359,
        "nauc_map_at_100_diff1": 0.010871,
        "nauc_map_at_1000_max": 0.174929,
        "nauc_map_at_1000_std": 0.367307,
        "nauc_map_at_1000_diff1": 0.010636,
        "nauc_recall_at_1_max": 0.177433,
        "nauc_recall_at_1_std": 0.302639,
        "nauc_recall_at_1_diff1": -0.113597,
        "nauc_recall_at_3_max": 0.177057,
        "nauc_recall_at_3_std": 0.489656,
        "nauc_recall_at_3_diff1": 0.066899,
        "nauc_recall_at_5_max": 0.20664,
        "nauc_recall_at_5_std": 0.488756,
        "nauc_recall_at_5_diff1": 0.103428,
        "nauc_recall_at_10_max": 0.150543,
        "nauc_recall_at_10_std": 0.364495,
        "nauc_recall_at_10_diff1": 0.032682,
        "nauc_recall_at_20_max": 0.174507,
        "nauc_recall_at_20_std": 0.350909,
        "nauc_recall_at_20_diff1": 0.029124,
        "nauc_recall_at_100_max": 0.132022,
        "nauc_recall_at_100_std": 0.272166,
        "nauc_recall_at_100_diff1": 0.025461,
        "nauc_recall_at_1000_max": 0.157737,
        "nauc_recall_at_1000_std": 0.233863,
        "nauc_recall_at_1000_diff1": 0.003912,
        "nauc_precision_at_1_max": 0.177433,
        "nauc_precision_at_1_std": 0.302639,
        "nauc_precision_at_1_diff1": -0.113597,
        "nauc_precision_at_3_max": 0.177057,
        "nauc_precision_at_3_std": 0.489656,
        "nauc_precision_at_3_diff1": 0.066899,
        "nauc_precision_at_5_max": 0.20664,
        "nauc_precision_at_5_std": 0.488756,
        "nauc_precision_at_5_diff1": 0.103428,
        "nauc_precision_at_10_max": 0.150543,
        "nauc_precision_at_10_std": 0.364495,
        "nauc_precision_at_10_diff1": 0.032682,
        "nauc_precision_at_20_max": 0.174507,
        "nauc_precision_at_20_std": 0.350909,
        "nauc_precision_at_20_diff1": 0.029124,
        "nauc_precision_at_100_max": 0.132022,
        "nauc_precision_at_100_std": 0.272166,
        "nauc_precision_at_100_diff1": 0.025461,
        "nauc_precision_at_1000_max": 0.157737,
        "nauc_precision_at_1000_std": 0.233863,
        "nauc_precision_at_1000_diff1": 0.003912,
        "nauc_mrr_at_1_max": 0.177433,
        "nauc_mrr_at_1_std": 0.302639,
        "nauc_mrr_at_1_diff1": -0.113597,
        "nauc_mrr_at_3_max": 0.190141,
        "nauc_mrr_at_3_std": 0.438768,
        "nauc_mrr_at_3_diff1": 1e-05,
        "nauc_mrr_at_5_max": 0.200158,
        "nauc_mrr_at_5_std": 0.450027,
        "nauc_mrr_at_5_diff1": 0.031014,
        "nauc_mrr_at_10_max": 0.179877,
        "nauc_mrr_at_10_std": 0.406432,
        "nauc_mrr_at_10_diff1": 0.011275,
        "nauc_mrr_at_20_max": 0.185605,
        "nauc_mrr_at_20_std": 0.396099,
        "nauc_mrr_at_20_diff1": 0.014399,
        "nauc_mrr_at_100_max": 0.173436,
        "nauc_mrr_at_100_std": 0.373359,
        "nauc_mrr_at_100_diff1": 0.010871,
        "nauc_mrr_at_1000_max": 0.174929,
        "nauc_mrr_at_1000_std": 0.367307,
        "nauc_mrr_at_1000_diff1": 0.010636,
        "cv_recall_at_1": 0.00245,
        "cv_recall_at_3": 0.00655,
        "cv_recall_at_5": 0.01186,
        "cv_recall_at_10": 0.02168,
        "cv_recall_at_20": 0.03579,
        "cv_recall_at_100": 0.10411,
        "cv_recall_at_1000": 0.41931,
        "main_score": 0.01007,
        "hf_subset": "default",
        "languages": [
          "eng-Latn"
        ]
      }
    ]
  },
  "evaluation_time": 102.30455231666565,
  "kg_co2_emissions": null
}