{
  "dataset_revision": "852290806bbf9d660f5c04c246f81ce38bfc1d48",
  "task_name": "HatefulMemesI2TRetrieval",
  "mteb_version": "2.8.0",
  "scores": {
    "test": [
      {
        "ndcg_at_1": 0.06,
        "ndcg_at_3": 0.09298,
        "ndcg_at_5": 0.10322,
        "ndcg_at_10": 0.11884,
        "ndcg_at_20": 0.13192,
        "ndcg_at_100": 0.16707,
        "ndcg_at_1000": 0.20328,
        "map_at_1": 0.06,
        "map_at_3": 0.085,
        "map_at_5": 0.09065,
        "map_at_10": 0.09715,
        "map_at_20": 0.10071,
        "map_at_100": 0.10527,
        "map_at_1000": 0.10649,
        "recall_at_1": 0.06,
        "recall_at_3": 0.116,
        "recall_at_5": 0.141,
        "recall_at_10": 0.189,
        "recall_at_20": 0.241,
        "recall_at_100": 0.435,
        "recall_at_1000": 0.728,
        "accuracy": 0.06,
        "precision_at_1": 0.06,
        "precision_at_3": 0.03867,
        "precision_at_5": 0.0282,
        "precision_at_10": 0.0189,
        "precision_at_20": 0.01205,
        "precision_at_100": 0.00435,
        "precision_at_1000": 0.00073,
        "mrr_at_1": 0.06,
        "mrr_at_3": 0.085,
        "mrr_at_5": 0.09065,
        "mrr_at_10": 0.097152,
        "mrr_at_20": 0.100707,
        "mrr_at_100": 0.10527,
        "mrr_at_1000": 0.106487,
        "nauc_ndcg_at_1_max": 0.169041,
        "nauc_ndcg_at_1_std": 0.175454,
        "nauc_ndcg_at_1_diff1": 0.374743,
        "nauc_ndcg_at_3_max": 0.080821,
        "nauc_ndcg_at_3_std": 0.138085,
        "nauc_ndcg_at_3_diff1": 0.2401,
        "nauc_ndcg_at_5_max": 0.077802,
        "nauc_ndcg_at_5_std": 0.142804,
        "nauc_ndcg_at_5_diff1": 0.220327,
        "nauc_ndcg_at_10_max": 0.063056,
        "nauc_ndcg_at_10_std": 0.166223,
        "nauc_ndcg_at_10_diff1": 0.196466,
        "nauc_ndcg_at_20_max": 0.060249,
        "nauc_ndcg_at_20_std": 0.158451,
        "nauc_ndcg_at_20_diff1": 0.189956,
        "nauc_ndcg_at_100_max": 0.045747,
        "nauc_ndcg_at_100_std": 0.159978,
        "nauc_ndcg_at_100_diff1": 0.167607,
        "nauc_ndcg_at_1000_max": 0.052899,
        "nauc_ndcg_at_1000_std": 0.147017,
        "nauc_ndcg_at_1000_diff1": 0.169579,
        "nauc_map_at_1_max": 0.169041,
        "nauc_map_at_1_std": 0.175454,
        "nauc_map_at_1_diff1": 0.374743,
        "nauc_map_at_3_max": 0.09622,
        "nauc_map_at_3_std": 0.142414,
        "nauc_map_at_3_diff1": 0.261903,
        "nauc_map_at_5_max": 0.093644,
        "nauc_map_at_5_std": 0.144708,
        "nauc_map_at_5_diff1": 0.248473,
        "nauc_map_at_10_max": 0.085283,
        "nauc_map_at_10_std": 0.156287,
        "nauc_map_at_10_diff1": 0.234978,
        "nauc_map_at_20_max": 0.084177,
        "nauc_map_at_20_std": 0.15369,
        "nauc_map_at_20_diff1": 0.232287,
        "nauc_map_at_100_max": 0.081713,
        "nauc_map_at_100_std": 0.152193,
        "nauc_map_at_100_diff1": 0.227501,
        "nauc_map_at_1000_max": 0.081819,
        "nauc_map_at_1000_std": 0.151471,
        "nauc_map_at_1000_diff1": 0.227459,
        "nauc_recall_at_1_max": 0.169041,
        "nauc_recall_at_1_std": 0.175454,
        "nauc_recall_at_1_diff1": 0.374743,
        "nauc_recall_at_3_max": 0.047373,
        "nauc_recall_at_3_std": 0.129361,
        "nauc_recall_at_3_diff1": 0.193266,
        "nauc_recall_at_5_max": 0.046255,
        "nauc_recall_at_5_std": 0.140499,
        "nauc_recall_at_5_diff1": 0.163409,
        "nauc_recall_at_10_max": 0.023138,
        "nauc_recall_at_10_std": 0.188896,
        "nauc_recall_at_10_diff1": 0.126714,
        "nauc_recall_at_20_max": 0.02003,
        "nauc_recall_at_20_std": 0.167529,
        "nauc_recall_at_20_diff1": 0.118168,
        "nauc_recall_at_100_max": -0.02188,
        "nauc_recall_at_100_std": 0.182697,
        "nauc_recall_at_100_diff1": 0.062097,
        "nauc_recall_at_1000_max": 0.000954,
        "nauc_recall_at_1000_std": 0.116577,
        "nauc_recall_at_1000_diff1": 0.030638,
        "nauc_precision_at_1_max": 0.169041,
        "nauc_precision_at_1_std": 0.175454,
        "nauc_precision_at_1_diff1": 0.374743,
        "nauc_precision_at_3_max": 0.047373,
        "nauc_precision_at_3_std": 0.129361,
        "nauc_precision_at_3_diff1": 0.193266,
        "nauc_precision_at_5_max": 0.046255,
        "nauc_precision_at_5_std": 0.140499,
        "nauc_precision_at_5_diff1": 0.163409,
        "nauc_precision_at_10_max": 0.023138,
        "nauc_precision_at_10_std": 0.188896,
        "nauc_precision_at_10_diff1": 0.126714,
        "nauc_precision_at_20_max": 0.02003,
        "nauc_precision_at_20_std": 0.167529,
        "nauc_precision_at_20_diff1": 0.118168,
        "nauc_precision_at_100_max": -0.02188,
        "nauc_precision_at_100_std": 0.182697,
        "nauc_precision_at_100_diff1": 0.062097,
        "nauc_precision_at_1000_max": 0.000954,
        "nauc_precision_at_1000_std": 0.116577,
        "nauc_precision_at_1000_diff1": 0.030638,
        "nauc_mrr_at_1_max": 0.169041,
        "nauc_mrr_at_1_std": 0.175454,
        "nauc_mrr_at_1_diff1": 0.374743,
        "nauc_mrr_at_3_max": 0.09622,
        "nauc_mrr_at_3_std": 0.142414,
        "nauc_mrr_at_3_diff1": 0.261903,
        "nauc_mrr_at_5_max": 0.093644,
        "nauc_mrr_at_5_std": 0.144708,
        "nauc_mrr_at_5_diff1": 0.248473,
        "nauc_mrr_at_10_max": 0.085283,
        "nauc_mrr_at_10_std": 0.156287,
        "nauc_mrr_at_10_diff1": 0.234978,
        "nauc_mrr_at_20_max": 0.084177,
        "nauc_mrr_at_20_std": 0.15369,
        "nauc_mrr_at_20_diff1": 0.232287,
        "nauc_mrr_at_100_max": 0.081713,
        "nauc_mrr_at_100_std": 0.152193,
        "nauc_mrr_at_100_diff1": 0.227501,
        "nauc_mrr_at_1000_max": 0.081819,
        "nauc_mrr_at_1000_std": 0.151471,
        "nauc_mrr_at_1000_diff1": 0.227459,
        "cv_recall_at_1": 0.06,
        "cv_recall_at_3": 0.116,
        "cv_recall_at_5": 0.141,
        "cv_recall_at_10": 0.189,
        "cv_recall_at_20": 0.241,
        "cv_recall_at_100": 0.435,
        "cv_recall_at_1000": 0.728,
        "main_score": 0.11884,
        "hf_subset": "default",
        "languages": [
          "eng-Latn"
        ]
      }
    ]
  },
  "evaluation_time": 1018.2623853683472,
  "kg_co2_emissions": null
}