{
  "dataset_revision": "4510aa3b456b23f39564694e053e70492cc1de9f",
  "task_name": "InfoSeekIT2TRetrieval",
  "mteb_version": "2.8.0",
  "scores": {
    "test": [
      {
        "ndcg_at_1": 0.01378,
        "ndcg_at_3": 0.01431,
        "ndcg_at_5": 0.01577,
        "ndcg_at_10": 0.01828,
        "ndcg_at_20": 0.02275,
        "ndcg_at_100": 0.04002,
        "ndcg_at_1000": 0.07587,
        "map_at_1": 0.00292,
        "map_at_3": 0.00508,
        "map_at_5": 0.00645,
        "map_at_10": 0.00788,
        "map_at_20": 0.00949,
        "map_at_100": 0.01244,
        "map_at_1000": 0.01435,
        "recall_at_1": 0.00292,
        "recall_at_3": 0.00766,
        "recall_at_5": 0.01264,
        "recall_at_10": 0.0204,
        "recall_at_20": 0.0343,
        "recall_at_100": 0.09587,
        "recall_at_1000": 0.27262,
        "accuracy": 0.00292,
        "precision_at_1": 0.01378,
        "precision_at_3": 0.01331,
        "precision_at_5": 0.01305,
        "precision_at_10": 0.01171,
        "precision_at_20": 0.01037,
        "precision_at_100": 0.00631,
        "precision_at_1000": 0.00194,
        "mrr_at_1": 0.013777,
        "mrr_at_3": 0.022609,
        "mrr_at_5": 0.026552,
        "mrr_at_10": 0.029856,
        "mrr_at_20": 0.032319,
        "mrr_at_100": 0.035221,
        "mrr_at_1000": 0.036183,
        "nauc_ndcg_at_1_max": 0.113646,
        "nauc_ndcg_at_1_std": 0.260284,
        "nauc_ndcg_at_1_diff1": 0.007776,
        "nauc_ndcg_at_3_max": 0.17397,
        "nauc_ndcg_at_3_std": 0.308389,
        "nauc_ndcg_at_3_diff1": -0.001565,
        "nauc_ndcg_at_5_max": 0.190779,
        "nauc_ndcg_at_5_std": 0.306671,
        "nauc_ndcg_at_5_diff1": 0.007882,
        "nauc_ndcg_at_10_max": 0.219644,
        "nauc_ndcg_at_10_std": 0.31659,
        "nauc_ndcg_at_10_diff1": 0.021854,
        "nauc_ndcg_at_20_max": 0.235163,
        "nauc_ndcg_at_20_std": 0.334665,
        "nauc_ndcg_at_20_diff1": 0.020973,
        "nauc_ndcg_at_100_max": 0.256573,
        "nauc_ndcg_at_100_std": 0.387279,
        "nauc_ndcg_at_100_diff1": 0.023913,
        "nauc_ndcg_at_1000_max": 0.258476,
        "nauc_ndcg_at_1000_std": 0.424827,
        "nauc_ndcg_at_1000_diff1": 0.024867,
        "nauc_map_at_1_max": 0.213399,
        "nauc_map_at_1_std": 0.187015,
        "nauc_map_at_1_diff1": 0.080374,
        "nauc_map_at_3_max": 0.248668,
        "nauc_map_at_3_std": 0.240095,
        "nauc_map_at_3_diff1": 0.043171,
        "nauc_map_at_5_max": 0.253173,
        "nauc_map_at_5_std": 0.255043,
        "nauc_map_at_5_diff1": 0.028783,
        "nauc_map_at_10_max": 0.26074,
        "nauc_map_at_10_std": 0.281034,
        "nauc_map_at_10_diff1": 0.033735,
        "nauc_map_at_20_max": 0.260043,
        "nauc_map_at_20_std": 0.310311,
        "nauc_map_at_20_diff1": 0.030905,
        "nauc_map_at_100_max": 0.269991,
        "nauc_map_at_100_std": 0.363441,
        "nauc_map_at_100_diff1": 0.029617,
        "nauc_map_at_1000_max": 0.26771,
        "nauc_map_at_1000_std": 0.386194,
        "nauc_map_at_1000_diff1": 0.028908,
        "nauc_recall_at_1_max": 0.213399,
        "nauc_recall_at_1_std": 0.187015,
        "nauc_recall_at_1_diff1": 0.080374,
        "nauc_recall_at_3_max": 0.251014,
        "nauc_recall_at_3_std": 0.244866,
        "nauc_recall_at_3_diff1": 0.036057,
        "nauc_recall_at_5_max": 0.249824,
        "nauc_recall_at_5_std": 0.260284,
        "nauc_recall_at_5_diff1": 0.008974,
        "nauc_recall_at_10_max": 0.266889,
        "nauc_recall_at_10_std": 0.295602,
        "nauc_recall_at_10_diff1": 0.019094,
        "nauc_recall_at_20_max": 0.262651,
        "nauc_recall_at_20_std": 0.33532,
        "nauc_recall_at_20_diff1": 0.017197,
        "nauc_recall_at_100_max": 0.272669,
        "nauc_recall_at_100_std": 0.391458,
        "nauc_recall_at_100_diff1": 0.020401,
        "nauc_recall_at_1000_max": 0.268662,
        "nauc_recall_at_1000_std": 0.418027,
        "nauc_recall_at_1000_diff1": 0.019926,
        "nauc_precision_at_1_max": 0.113646,
        "nauc_precision_at_1_std": 0.260284,
        "nauc_precision_at_1_diff1": 0.007776,
        "nauc_precision_at_3_max": 0.179078,
        "nauc_precision_at_3_std": 0.331658,
        "nauc_precision_at_3_diff1": -0.003223,
        "nauc_precision_at_5_max": 0.191144,
        "nauc_precision_at_5_std": 0.339764,
        "nauc_precision_at_5_diff1": 0.008368,
        "nauc_precision_at_10_max": 0.202272,
        "nauc_precision_at_10_std": 0.367627,
        "nauc_precision_at_10_diff1": 0.022022,
        "nauc_precision_at_20_max": 0.212848,
        "nauc_precision_at_20_std": 0.412509,
        "nauc_precision_at_20_diff1": 0.016318,
        "nauc_precision_at_100_max": 0.204793,
        "nauc_precision_at_100_std": 0.444593,
        "nauc_precision_at_100_diff1": 0.017884,
        "nauc_precision_at_1000_max": 0.151294,
        "nauc_precision_at_1000_std": 0.38877,
        "nauc_precision_at_1000_diff1": 0.026672,
        "nauc_mrr_at_1_max": 0.113646,
        "nauc_mrr_at_1_std": 0.260284,
        "nauc_mrr_at_1_diff1": 0.007776,
        "nauc_mrr_at_3_max": 0.156465,
        "nauc_mrr_at_3_std": 0.293142,
        "nauc_mrr_at_3_diff1": 0.009906,
        "nauc_mrr_at_5_max": 0.158644,
        "nauc_mrr_at_5_std": 0.290812,
        "nauc_mrr_at_5_diff1": 0.012979,
        "nauc_mrr_at_10_max": 0.163355,
        "nauc_mrr_at_10_std": 0.292032,
        "nauc_mrr_at_10_diff1": 0.013681,
        "nauc_mrr_at_20_max": 0.167997,
        "nauc_mrr_at_20_std": 0.296378,
        "nauc_mrr_at_20_diff1": 0.012969,
        "nauc_mrr_at_100_max": 0.171151,
        "nauc_mrr_at_100_std": 0.30022,
        "nauc_mrr_at_100_diff1": 0.014711,
        "nauc_mrr_at_1000_max": 0.172573,
        "nauc_mrr_at_1000_std": 0.30162,
        "nauc_mrr_at_1000_diff1": 0.015086,
        "cv_recall_at_1": 0.01378,
        "cv_recall_at_3": 0.03462,
        "cv_recall_at_5": 0.05184,
        "cv_recall_at_10": 0.0771,
        "cv_recall_at_20": 0.11269,
        "cv_recall_at_100": 0.24004,
        "cv_recall_at_1000": 0.50146,
        "main_score": 0.01828,
        "hf_subset": "default",
        "languages": [
          "eng-Latn"
        ]
      }
    ]
  },
  "evaluation_time": 731.2791447639465,
  "kg_co2_emissions": null
}