{
  "dataset_revision": "c798fa2f5173dc9fe0c727fd0abfd2f94cbc2f23",
  "task_name": "NIGHTSI2IRetrieval",
  "mteb_version": "2.8.0",
  "scores": {
    "test": [
      {
        "ndcg_at_1": 0.07264,
        "ndcg_at_3": 0.13905,
        "ndcg_at_5": 0.17694,
        "ndcg_at_10": 0.22807,
        "ndcg_at_20": 0.27401,
        "ndcg_at_100": 0.32261,
        "ndcg_at_1000": 0.33578,
        "map_at_1": 0.07264,
        "map_at_3": 0.12186,
        "map_at_5": 0.14278,
        "map_at_10": 0.16371,
        "map_at_20": 0.17614,
        "map_at_100": 0.18323,
        "map_at_1000": 0.18374,
        "recall_at_1": 0.07264,
        "recall_at_3": 0.18915,
        "recall_at_5": 0.2816,
        "recall_at_10": 0.44057,
        "recall_at_20": 0.62358,
        "recall_at_100": 0.88019,
        "recall_at_1000": 0.98302,
        "accuracy": 0.07264,
        "precision_at_1": 0.07264,
        "precision_at_3": 0.06305,
        "precision_at_5": 0.05632,
        "precision_at_10": 0.04406,
        "precision_at_20": 0.03118,
        "precision_at_100": 0.0088,
        "precision_at_1000": 0.00098,
        "mrr_at_1": 0.072642,
        "mrr_at_3": 0.121855,
        "mrr_at_5": 0.142775,
        "mrr_at_10": 0.163715,
        "mrr_at_20": 0.17614,
        "mrr_at_100": 0.183233,
        "mrr_at_1000": 0.183744,
        "nauc_ndcg_at_1_max": -0.02685,
        "nauc_ndcg_at_1_std": -0.039491,
        "nauc_ndcg_at_1_diff1": 0.099265,
        "nauc_ndcg_at_3_max": 0.017802,
        "nauc_ndcg_at_3_std": -0.003575,
        "nauc_ndcg_at_3_diff1": 0.067635,
        "nauc_ndcg_at_5_max": 0.025205,
        "nauc_ndcg_at_5_std": 0.001103,
        "nauc_ndcg_at_5_diff1": 0.064341,
        "nauc_ndcg_at_10_max": 0.045501,
        "nauc_ndcg_at_10_std": 0.014511,
        "nauc_ndcg_at_10_diff1": 0.044515,
        "nauc_ndcg_at_20_max": 0.065146,
        "nauc_ndcg_at_20_std": 0.03159,
        "nauc_ndcg_at_20_diff1": 0.032834,
        "nauc_ndcg_at_100_max": 0.073976,
        "nauc_ndcg_at_100_std": 0.059027,
        "nauc_ndcg_at_100_diff1": 0.030934,
        "nauc_ndcg_at_1000_max": 0.060573,
        "nauc_ndcg_at_1000_std": 0.040563,
        "nauc_ndcg_at_1000_diff1": 0.043237,
        "nauc_map_at_1_max": -0.02685,
        "nauc_map_at_1_std": -0.039491,
        "nauc_map_at_1_diff1": 0.099265,
        "nauc_map_at_3_max": 0.011831,
        "nauc_map_at_3_std": -0.007577,
        "nauc_map_at_3_diff1": 0.073356,
        "nauc_map_at_5_max": 0.017081,
        "nauc_map_at_5_std": -0.003912,
        "nauc_map_at_5_diff1": 0.070673,
        "nauc_map_at_10_max": 0.026556,
        "nauc_map_at_10_std": 0.002316,
        "nauc_map_at_10_diff1": 0.061633,
        "nauc_map_at_20_max": 0.032279,
        "nauc_map_at_20_std": 0.007651,
        "nauc_map_at_20_diff1": 0.058854,
        "nauc_map_at_100_max": 0.03365,
        "nauc_map_at_100_std": 0.01198,
        "nauc_map_at_100_diff1": 0.058617,
        "nauc_map_at_1000_max": 0.033206,
        "nauc_map_at_1000_std": 0.011421,
        "nauc_map_at_1000_diff1": 0.059096,
        "nauc_recall_at_1_max": -0.02685,
        "nauc_recall_at_1_std": -0.039491,
        "nauc_recall_at_1_diff1": 0.099265,
        "nauc_recall_at_3_max": 0.029377,
        "nauc_recall_at_3_std": 0.003909,
        "nauc_recall_at_3_diff1": 0.056037,
        "nauc_recall_at_5_max": 0.03983,
        "nauc_recall_at_5_std": 0.009648,
        "nauc_recall_at_5_diff1": 0.052881,
        "nauc_recall_at_10_max": 0.083481,
        "nauc_recall_at_10_std": 0.038647,
        "nauc_recall_at_10_diff1": 0.009477,
        "nauc_recall_at_20_max": 0.150357,
        "nauc_recall_at_20_std": 0.093768,
        "nauc_recall_at_20_diff1": -0.035375,
        "nauc_recall_at_100_max": 0.340431,
        "nauc_recall_at_100_std": 0.410418,
        "nauc_recall_at_100_diff1": -0.146949,
        "nauc_recall_at_1000_max": 0.704261,
        "nauc_recall_at_1000_std": 0.786635,
        "nauc_recall_at_1000_diff1": -0.142079,
        "nauc_precision_at_1_max": -0.02685,
        "nauc_precision_at_1_std": -0.039491,
        "nauc_precision_at_1_diff1": 0.099265,
        "nauc_precision_at_3_max": 0.029377,
        "nauc_precision_at_3_std": 0.003909,
        "nauc_precision_at_3_diff1": 0.056037,
        "nauc_precision_at_5_max": 0.03983,
        "nauc_precision_at_5_std": 0.009648,
        "nauc_precision_at_5_diff1": 0.052881,
        "nauc_precision_at_10_max": 0.083481,
        "nauc_precision_at_10_std": 0.038647,
        "nauc_precision_at_10_diff1": 0.009477,
        "nauc_precision_at_20_max": 0.150357,
        "nauc_precision_at_20_std": 0.093768,
        "nauc_precision_at_20_diff1": -0.035375,
        "nauc_precision_at_100_max": 0.340431,
        "nauc_precision_at_100_std": 0.410418,
        "nauc_precision_at_100_diff1": -0.146949,
        "nauc_precision_at_1000_max": 0.704261,
        "nauc_precision_at_1000_std": 0.786635,
        "nauc_precision_at_1000_diff1": -0.142079,
        "nauc_mrr_at_1_max": -0.02685,
        "nauc_mrr_at_1_std": -0.039491,
        "nauc_mrr_at_1_diff1": 0.099265,
        "nauc_mrr_at_3_max": 0.011831,
        "nauc_mrr_at_3_std": -0.007577,
        "nauc_mrr_at_3_diff1": 0.073356,
        "nauc_mrr_at_5_max": 0.017081,
        "nauc_mrr_at_5_std": -0.003912,
        "nauc_mrr_at_5_diff1": 0.070673,
        "nauc_mrr_at_10_max": 0.026556,
        "nauc_mrr_at_10_std": 0.002316,
        "nauc_mrr_at_10_diff1": 0.061633,
        "nauc_mrr_at_20_max": 0.032279,
        "nauc_mrr_at_20_std": 0.007651,
        "nauc_mrr_at_20_diff1": 0.058854,
        "nauc_mrr_at_100_max": 0.03365,
        "nauc_mrr_at_100_std": 0.01198,
        "nauc_mrr_at_100_diff1": 0.058617,
        "nauc_mrr_at_1000_max": 0.033206,
        "nauc_mrr_at_1000_std": 0.011421,
        "nauc_mrr_at_1000_diff1": 0.059096,
        "cv_recall_at_1": 0.07264,
        "cv_recall_at_3": 0.18915,
        "cv_recall_at_5": 0.2816,
        "cv_recall_at_10": 0.44057,
        "cv_recall_at_20": 0.62358,
        "cv_recall_at_100": 0.88019,
        "cv_recall_at_1000": 0.98302,
        "main_score": 0.22807,
        "hf_subset": "default",
        "languages": [
          "eng-Latn"
        ]
      }
    ]
  },
  "evaluation_time": 351.82897329330444,
  "kg_co2_emissions": null
}