{
  "dataset_revision": "88994735625f4ebf646eaf42096f7ba204880ac2",
  "task_name": "OVENIT2TRetrieval",
  "mteb_version": "2.8.0",
  "scores": {
    "test": [
      {
        "ndcg_at_1": 0.01246,
        "ndcg_at_3": 0.01433,
        "ndcg_at_5": 0.016,
        "ndcg_at_10": 0.01836,
        "ndcg_at_20": 0.0214,
        "ndcg_at_100": 0.02984,
        "ndcg_at_1000": 0.04286,
        "map_at_1": 0.0052,
        "map_at_3": 0.00814,
        "map_at_5": 0.0094,
        "map_at_10": 0.01063,
        "map_at_20": 0.01151,
        "map_at_100": 0.01248,
        "map_at_1000": 0.01281,
        "recall_at_1": 0.0052,
        "recall_at_3": 0.01217,
        "recall_at_5": 0.01777,
        "recall_at_10": 0.02698,
        "recall_at_20": 0.03989,
        "recall_at_100": 0.08115,
        "recall_at_1000": 0.17102,
        "accuracy": 0.0052,
        "precision_at_1": 0.01246,
        "precision_at_3": 0.01007,
        "precision_at_5": 0.00881,
        "precision_at_10": 0.00672,
        "precision_at_20": 0.00485,
        "precision_at_100": 0.00197,
        "precision_at_1000": 0.00042,
        "mrr_at_1": 0.012459,
        "mrr_at_3": 0.019988,
        "mrr_at_5": 0.023121,
        "mrr_at_10": 0.026195,
        "mrr_at_20": 0.028227,
        "mrr_at_100": 0.030566,
        "mrr_at_1000": 0.03136,
        "nauc_ndcg_at_1_max": 0.172021,
        "nauc_ndcg_at_1_std": 0.393371,
        "nauc_ndcg_at_1_diff1": 0.199826,
        "nauc_ndcg_at_3_max": 0.133433,
        "nauc_ndcg_at_3_std": 0.39071,
        "nauc_ndcg_at_3_diff1": 0.159902,
        "nauc_ndcg_at_5_max": 0.12064,
        "nauc_ndcg_at_5_std": 0.388978,
        "nauc_ndcg_at_5_diff1": 0.152107,
        "nauc_ndcg_at_10_max": 0.099698,
        "nauc_ndcg_at_10_std": 0.382231,
        "nauc_ndcg_at_10_diff1": 0.139759,
        "nauc_ndcg_at_20_max": 0.094209,
        "nauc_ndcg_at_20_std": 0.370544,
        "nauc_ndcg_at_20_diff1": 0.129251,
        "nauc_ndcg_at_100_max": 0.092093,
        "nauc_ndcg_at_100_std": 0.358394,
        "nauc_ndcg_at_100_diff1": 0.113799,
        "nauc_ndcg_at_1000_max": 0.091078,
        "nauc_ndcg_at_1000_std": 0.34196,
        "nauc_ndcg_at_1000_diff1": 0.099944,
        "nauc_map_at_1_max": 0.072786,
        "nauc_map_at_1_std": 0.361509,
        "nauc_map_at_1_diff1": 0.239191,
        "nauc_map_at_3_max": 0.066402,
        "nauc_map_at_3_std": 0.375045,
        "nauc_map_at_3_diff1": 0.188843,
        "nauc_map_at_5_max": 0.06949,
        "nauc_map_at_5_std": 0.374841,
        "nauc_map_at_5_diff1": 0.179237,
        "nauc_map_at_10_max": 0.065274,
        "nauc_map_at_10_std": 0.372884,
        "nauc_map_at_10_diff1": 0.167433,
        "nauc_map_at_20_max": 0.066451,
        "nauc_map_at_20_std": 0.369693,
        "nauc_map_at_20_diff1": 0.160485,
        "nauc_map_at_100_max": 0.066726,
        "nauc_map_at_100_std": 0.366904,
        "nauc_map_at_100_diff1": 0.155855,
        "nauc_map_at_1000_max": 0.066531,
        "nauc_map_at_1000_std": 0.366365,
        "nauc_map_at_1000_diff1": 0.154644,
        "nauc_recall_at_1_max": 0.072786,
        "nauc_recall_at_1_std": 0.361509,
        "nauc_recall_at_1_diff1": 0.239191,
        "nauc_recall_at_3_max": 0.069438,
        "nauc_recall_at_3_std": 0.384507,
        "nauc_recall_at_3_diff1": 0.165704,
        "nauc_recall_at_5_max": 0.076449,
        "nauc_recall_at_5_std": 0.38124,
        "nauc_recall_at_5_diff1": 0.149657,
        "nauc_recall_at_10_max": 0.063146,
        "nauc_recall_at_10_std": 0.373539,
        "nauc_recall_at_10_diff1": 0.126988,
        "nauc_recall_at_20_max": 0.069692,
        "nauc_recall_at_20_std": 0.360377,
        "nauc_recall_at_20_diff1": 0.111403,
        "nauc_recall_at_100_max": 0.065976,
        "nauc_recall_at_100_std": 0.324756,
        "nauc_recall_at_100_diff1": 0.088921,
        "nauc_recall_at_1000_max": 0.050764,
        "nauc_recall_at_1000_std": 0.257388,
        "nauc_recall_at_1000_diff1": 0.063473,
        "nauc_precision_at_1_max": 0.172021,
        "nauc_precision_at_1_std": 0.393371,
        "nauc_precision_at_1_diff1": 0.199826,
        "nauc_precision_at_3_max": 0.167757,
        "nauc_precision_at_3_std": 0.392455,
        "nauc_precision_at_3_diff1": 0.131377,
        "nauc_precision_at_5_max": 0.17501,
        "nauc_precision_at_5_std": 0.394369,
        "nauc_precision_at_5_diff1": 0.118285,
        "nauc_precision_at_10_max": 0.171425,
        "nauc_precision_at_10_std": 0.399689,
        "nauc_precision_at_10_diff1": 0.101001,
        "nauc_precision_at_20_max": 0.168276,
        "nauc_precision_at_20_std": 0.390793,
        "nauc_precision_at_20_diff1": 0.088044,
        "nauc_precision_at_100_max": 0.179654,
        "nauc_precision_at_100_std": 0.417122,
        "nauc_precision_at_100_diff1": 0.071305,
        "nauc_precision_at_1000_max": 0.223206,
        "nauc_precision_at_1000_std": 0.453252,
        "nauc_precision_at_1000_diff1": 0.056609,
        "nauc_mrr_at_1_max": 0.172021,
        "nauc_mrr_at_1_std": 0.393371,
        "nauc_mrr_at_1_diff1": 0.199826,
        "nauc_mrr_at_3_max": 0.167208,
        "nauc_mrr_at_3_std": 0.391767,
        "nauc_mrr_at_3_diff1": 0.154315,
        "nauc_mrr_at_5_max": 0.170227,
        "nauc_mrr_at_5_std": 0.392403,
        "nauc_mrr_at_5_diff1": 0.145757,
        "nauc_mrr_at_10_max": 0.168903,
        "nauc_mrr_at_10_std": 0.394159,
        "nauc_mrr_at_10_diff1": 0.136679,
        "nauc_mrr_at_20_max": 0.168207,
        "nauc_mrr_at_20_std": 0.392435,
        "nauc_mrr_at_20_diff1": 0.131063,
        "nauc_mrr_at_100_max": 0.170212,
        "nauc_mrr_at_100_std": 0.397089,
        "nauc_mrr_at_100_diff1": 0.127501,
        "nauc_mrr_at_1000_max": 0.171138,
        "nauc_mrr_at_1000_std": 0.398313,
        "nauc_mrr_at_1000_diff1": 0.126676,
        "cv_recall_at_1": 0.01246,
        "cv_recall_at_3": 0.0302,
        "cv_recall_at_5": 0.04404,
        "cv_recall_at_10": 0.06717,
        "cv_recall_at_20": 0.09701,
        "cv_recall_at_100": 0.19672,
        "cv_recall_at_1000": 0.41637,
        "main_score": 0.01836,
        "hf_subset": "default",
        "languages": [
          "eng-Latn"
        ]
      }
    ]
  },
  "evaluation_time": 8684.466054916382,
  "kg_co2_emissions": null
}