{
  "dataset_revision": "03b56e190634e7138c906d67cb356900ee50c98f",
  "task_name": "RP2kI2IRetrieval",
  "mteb_version": "2.8.0",
  "scores": {
    "test": [
      {
        "ndcg_at_1": 0.99982,
        "ndcg_at_3": 0.75453,
        "ndcg_at_5": 0.66142,
        "ndcg_at_10": 0.5539,
        "ndcg_at_20": 0.4682,
        "ndcg_at_100": 0.36166,
        "ndcg_at_1000": 0.41889,
        "map_at_1": 0.06083,
        "map_at_3": 0.0915,
        "map_at_5": 0.10463,
        "map_at_10": 0.12159,
        "map_at_20": 0.13764,
        "map_at_100": 0.16976,
        "map_at_1000": 0.19214,
        "recall_at_1": 0.06083,
        "recall_at_3": 0.09259,
        "recall_at_5": 0.10864,
        "recall_at_10": 0.13354,
        "recall_at_20": 0.16286,
        "recall_at_100": 0.25433,
        "recall_at_1000": 0.45811,
        "accuracy": 0.06083,
        "precision_at_1": 0.99982,
        "precision_at_3": 0.67506,
        "precision_at_5": 0.5564,
        "precision_at_10": 0.42434,
        "precision_at_20": 0.31915,
        "precision_at_100": 0.14817,
        "precision_at_1000": 0.03552,
        "mrr_at_1": 0.999817,
        "mrr_at_3": 0.999891,
        "mrr_at_5": 0.999891,
        "mrr_at_10": 0.999891,
        "mrr_at_20": 0.999891,
        "mrr_at_100": 0.999891,
        "mrr_at_1000": 0.999891,
        "nauc_ndcg_at_1_max": 0.202555,
        "nauc_ndcg_at_1_std": -1.011663,
        "nauc_ndcg_at_1_diff1": 0.118512,
        "nauc_ndcg_at_3_max": 0.009987,
        "nauc_ndcg_at_3_std": 0.215334,
        "nauc_ndcg_at_3_diff1": -0.256056,
        "nauc_ndcg_at_5_max": 0.014979,
        "nauc_ndcg_at_5_std": 0.23636,
        "nauc_ndcg_at_5_diff1": -0.22673,
        "nauc_ndcg_at_10_max": 0.0157,
        "nauc_ndcg_at_10_std": 0.258796,
        "nauc_ndcg_at_10_diff1": -0.184227,
        "nauc_ndcg_at_20_max": 0.016326,
        "nauc_ndcg_at_20_std": 0.279401,
        "nauc_ndcg_at_20_diff1": -0.134289,
        "nauc_ndcg_at_100_max": 0.014903,
        "nauc_ndcg_at_100_std": 0.287975,
        "nauc_ndcg_at_100_diff1": -0.004685,
        "nauc_ndcg_at_1000_max": 0.009552,
        "nauc_ndcg_at_1000_std": 0.269058,
        "nauc_ndcg_at_1000_diff1": -0.024034,
        "nauc_map_at_1_max": -0.012996,
        "nauc_map_at_1_std": 0.10484,
        "nauc_map_at_1_diff1": 0.427125,
        "nauc_map_at_3_max": -0.015078,
        "nauc_map_at_3_std": 0.134082,
        "nauc_map_at_3_diff1": 0.334548,
        "nauc_map_at_5_max": -0.013747,
        "nauc_map_at_5_std": 0.147224,
        "nauc_map_at_5_diff1": 0.303027,
        "nauc_map_at_10_max": -0.013187,
        "nauc_map_at_10_std": 0.168649,
        "nauc_map_at_10_diff1": 0.265139,
        "nauc_map_at_20_max": -0.011706,
        "nauc_map_at_20_std": 0.193948,
        "nauc_map_at_20_diff1": 0.226066,
        "nauc_map_at_100_max": -0.003249,
        "nauc_map_at_100_std": 0.253931,
        "nauc_map_at_100_diff1": 0.137859,
        "nauc_map_at_1000_max": 0.00588,
        "nauc_map_at_1000_std": 0.282187,
        "nauc_map_at_1000_diff1": 0.079961,
        "nauc_recall_at_1_max": -0.012996,
        "nauc_recall_at_1_std": 0.10484,
        "nauc_recall_at_1_diff1": 0.427125,
        "nauc_recall_at_3_max": -0.014343,
        "nauc_recall_at_3_std": 0.134725,
        "nauc_recall_at_3_diff1": 0.335693,
        "nauc_recall_at_5_max": -0.012515,
        "nauc_recall_at_5_std": 0.145893,
        "nauc_recall_at_5_diff1": 0.304419,
        "nauc_recall_at_10_max": -0.012939,
        "nauc_recall_at_10_std": 0.162755,
        "nauc_recall_at_10_diff1": 0.267582,
        "nauc_recall_at_20_max": -0.012958,
        "nauc_recall_at_20_std": 0.181404,
        "nauc_recall_at_20_diff1": 0.22744,
        "nauc_recall_at_100_max": -0.00473,
        "nauc_recall_at_100_std": 0.230194,
        "nauc_recall_at_100_diff1": 0.124656,
        "nauc_recall_at_1000_max": 0.008591,
        "nauc_recall_at_1000_std": 0.23236,
        "nauc_recall_at_1000_diff1": -0.001678,
        "nauc_precision_at_1_max": 0.202555,
        "nauc_precision_at_1_std": -1.011663,
        "nauc_precision_at_1_diff1": 0.118512,
        "nauc_precision_at_3_max": 0.010388,
        "nauc_precision_at_3_std": 0.194867,
        "nauc_precision_at_3_diff1": -0.30812,
        "nauc_precision_at_5_max": 0.016988,
        "nauc_precision_at_5_std": 0.2038,
        "nauc_precision_at_5_diff1": -0.296647,
        "nauc_precision_at_10_max": 0.020364,
        "nauc_precision_at_10_std": 0.213066,
        "nauc_precision_at_10_diff1": -0.290219,
        "nauc_precision_at_20_max": 0.0236,
        "nauc_precision_at_20_std": 0.223383,
        "nauc_precision_at_20_diff1": -0.290117,
        "nauc_precision_at_100_max": 0.037473,
        "nauc_precision_at_100_std": 0.240661,
        "nauc_precision_at_100_diff1": -0.296035,
        "nauc_precision_at_1000_max": 0.042669,
        "nauc_precision_at_1000_std": 0.190566,
        "nauc_precision_at_1000_diff1": -0.287226,
        "nauc_mrr_at_1_max": 0.202555,
        "nauc_mrr_at_1_std": -1.011663,
        "nauc_mrr_at_1_diff1": 0.118512,
        "nauc_mrr_at_3_max": 0.167627,
        "nauc_mrr_at_3_std": -1.034072,
        "nauc_mrr_at_3_diff1": 0.098803,
        "nauc_mrr_at_5_max": 0.167627,
        "nauc_mrr_at_5_std": -1.034072,
        "nauc_mrr_at_5_diff1": 0.098803,
        "nauc_mrr_at_10_max": 0.167627,
        "nauc_mrr_at_10_std": -1.034072,
        "nauc_mrr_at_10_diff1": 0.098803,
        "nauc_mrr_at_20_max": 0.167627,
        "nauc_mrr_at_20_std": -1.034072,
        "nauc_mrr_at_20_diff1": 0.098803,
        "nauc_mrr_at_100_max": 0.167627,
        "nauc_mrr_at_100_std": -1.034072,
        "nauc_mrr_at_100_diff1": 0.098803,
        "nauc_mrr_at_1000_max": 0.167627,
        "nauc_mrr_at_1000_std": -1.034072,
        "nauc_mrr_at_1000_diff1": 0.098803,
        "cv_recall_at_1": 0.56987,
        "cv_recall_at_3": 0.68965,
        "cv_recall_at_5": 0.73427,
        "cv_recall_at_10": 0.78686,
        "cv_recall_at_20": 0.833,
        "cv_recall_at_100": 0.91128,
        "cv_recall_at_1000": 0.96221,
        "main_score": 0.56987,
        "hf_subset": "default",
        "languages": [
          "eng-Latn"
        ]
      }
    ]
  },
  "evaluation_time": 320.38421392440796,
  "kg_co2_emissions": null
}