{
  "dataset_revision": "12c5b7a81fc19d66f1844642acdb88e8ad79af16",
  "task_name": "VidoreSyntheticDocQAAIRetrieval",
  "mteb_version": "2.8.0",
  "scores": {
    "test": [
      {
        "ndcg_at_1": 0.0,
        "ndcg_at_3": 0.01131,
        "ndcg_at_5": 0.01131,
        "ndcg_at_10": 0.01131,
        "ndcg_at_20": 0.02666,
        "ndcg_at_100": 0.05511,
        "ndcg_at_1000": 0.14333,
        "map_at_1": 0.0,
        "map_at_3": 0.00833,
        "map_at_5": 0.00833,
        "map_at_10": 0.00833,
        "map_at_20": 0.01265,
        "map_at_100": 0.01613,
        "map_at_1000": 0.01834,
        "recall_at_1": 0.0,
        "recall_at_3": 0.02,
        "recall_at_5": 0.02,
        "recall_at_10": 0.02,
        "recall_at_20": 0.08,
        "recall_at_100": 0.24,
        "recall_at_1000": 1.0,
        "accuracy": 0.0,
        "precision_at_1": 0.0,
        "precision_at_3": 0.00667,
        "precision_at_5": 0.004,
        "precision_at_10": 0.002,
        "precision_at_20": 0.004,
        "precision_at_100": 0.0024,
        "precision_at_1000": 0.001,
        "mrr_at_1": 0.0,
        "mrr_at_3": 0.008333,
        "mrr_at_5": 0.008333,
        "mrr_at_10": 0.008333,
        "mrr_at_20": 0.012649,
        "mrr_at_100": 0.016129,
        "mrr_at_1000": 0.01834,
        "nauc_ndcg_at_1_max": NaN,
        "nauc_ndcg_at_1_std": NaN,
        "nauc_ndcg_at_1_diff1": NaN,
        "nauc_ndcg_at_3_max": 0.661926,
        "nauc_ndcg_at_3_std": 0.811394,
        "nauc_ndcg_at_3_diff1": 0.338081,
        "nauc_ndcg_at_5_max": 0.661926,
        "nauc_ndcg_at_5_std": 0.811394,
        "nauc_ndcg_at_5_diff1": 0.338081,
        "nauc_ndcg_at_10_max": 0.661926,
        "nauc_ndcg_at_10_std": 0.811394,
        "nauc_ndcg_at_10_diff1": 0.338081,
        "nauc_ndcg_at_20_max": 0.277399,
        "nauc_ndcg_at_20_std": 0.498335,
        "nauc_ndcg_at_20_diff1": 0.163398,
        "nauc_ndcg_at_100_max": 0.073533,
        "nauc_ndcg_at_100_std": 0.538154,
        "nauc_ndcg_at_100_diff1": 0.050878,
        "nauc_ndcg_at_1000_max": 0.190452,
        "nauc_ndcg_at_1000_std": 0.541976,
        "nauc_ndcg_at_1000_diff1": 0.086904,
        "nauc_map_at_1_max": NaN,
        "nauc_map_at_1_std": NaN,
        "nauc_map_at_1_diff1": NaN,
        "nauc_map_at_3_max": 0.661926,
        "nauc_map_at_3_std": 0.797156,
        "nauc_map_at_3_diff1": 0.368929,
        "nauc_map_at_5_max": 0.661926,
        "nauc_map_at_5_std": 0.797156,
        "nauc_map_at_5_diff1": 0.368929,
        "nauc_map_at_10_max": 0.661926,
        "nauc_map_at_10_std": 0.797156,
        "nauc_map_at_10_diff1": 0.368929,
        "nauc_map_at_20_max": 0.428392,
        "nauc_map_at_20_std": 0.626026,
        "nauc_map_at_20_diff1": 0.256749,
        "nauc_map_at_100_max": 0.324449,
        "nauc_map_at_100_std": 0.628248,
        "nauc_map_at_100_diff1": 0.189927,
        "nauc_map_at_1000_max": 0.336301,
        "nauc_map_at_1000_std": 0.623271,
        "nauc_map_at_1000_diff1": 0.188892,
        "nauc_recall_at_1_max": NaN,
        "nauc_recall_at_1_std": NaN,
        "nauc_recall_at_1_diff1": NaN,
        "nauc_recall_at_3_max": 0.661926,
        "nauc_recall_at_3_std": 0.830963,
        "nauc_recall_at_3_diff1": 0.29568,
        "nauc_recall_at_5_max": 0.661926,
        "nauc_recall_at_5_std": 0.830963,
        "nauc_recall_at_5_diff1": 0.29568,
        "nauc_recall_at_10_max": 0.661926,
        "nauc_recall_at_10_std": 0.830963,
        "nauc_recall_at_10_diff1": 0.29568,
        "nauc_recall_at_20_max": 0.168836,
        "nauc_recall_at_20_std": 0.397002,
        "nauc_recall_at_20_diff1": 0.09837,
        "nauc_recall_at_100_max": -0.050923,
        "nauc_recall_at_100_std": 0.498937,
        "nauc_recall_at_100_diff1": -0.010005,
        "nauc_recall_at_1000_max": NaN,
        "nauc_recall_at_1000_std": NaN,
        "nauc_recall_at_1000_diff1": NaN,
        "nauc_precision_at_1_max": NaN,
        "nauc_precision_at_1_std": NaN,
        "nauc_precision_at_1_diff1": NaN,
        "nauc_precision_at_3_max": 0.661926,
        "nauc_precision_at_3_std": 0.830963,
        "nauc_precision_at_3_diff1": 0.29568,
        "nauc_precision_at_5_max": 0.661926,
        "nauc_precision_at_5_std": 0.830963,
        "nauc_precision_at_5_diff1": 0.29568,
        "nauc_precision_at_10_max": 0.661926,
        "nauc_precision_at_10_std": 0.830963,
        "nauc_precision_at_10_diff1": 0.29568,
        "nauc_precision_at_20_max": 0.168836,
        "nauc_precision_at_20_std": 0.397002,
        "nauc_precision_at_20_diff1": 0.09837,
        "nauc_precision_at_100_max": -0.050923,
        "nauc_precision_at_100_std": 0.498937,
        "nauc_precision_at_100_diff1": -0.010005,
        "nauc_precision_at_1000_max": NaN,
        "nauc_precision_at_1000_std": NaN,
        "nauc_precision_at_1000_diff1": NaN,
        "nauc_mrr_at_1_max": NaN,
        "nauc_mrr_at_1_std": NaN,
        "nauc_mrr_at_1_diff1": NaN,
        "nauc_mrr_at_3_max": 0.661926,
        "nauc_mrr_at_3_std": 0.797156,
        "nauc_mrr_at_3_diff1": 0.368929,
        "nauc_mrr_at_5_max": 0.661926,
        "nauc_mrr_at_5_std": 0.797156,
        "nauc_mrr_at_5_diff1": 0.368929,
        "nauc_mrr_at_10_max": 0.661926,
        "nauc_mrr_at_10_std": 0.797156,
        "nauc_mrr_at_10_diff1": 0.368929,
        "nauc_mrr_at_20_max": 0.428392,
        "nauc_mrr_at_20_std": 0.626026,
        "nauc_mrr_at_20_diff1": 0.256749,
        "nauc_mrr_at_100_max": 0.324449,
        "nauc_mrr_at_100_std": 0.628248,
        "nauc_mrr_at_100_diff1": 0.189927,
        "nauc_mrr_at_1000_max": 0.336301,
        "nauc_mrr_at_1000_std": 0.623271,
        "nauc_mrr_at_1000_diff1": 0.188892,
        "cv_recall_at_1": 0.0,
        "cv_recall_at_3": 0.02,
        "cv_recall_at_5": 0.02,
        "cv_recall_at_10": 0.02,
        "cv_recall_at_20": 0.08,
        "cv_recall_at_100": 0.24,
        "cv_recall_at_1000": 1.0,
        "main_score": 0.01131,
        "hf_subset": "default",
        "languages": [
          "eng-Latn"
        ]
      }
    ]
  },
  "evaluation_time": 295.5036177635193,
  "kg_co2_emissions": null
}