{
  "dataset_revision": "dc7924ec102addd7f85c1ccfdd8625848179f615",
  "task_name": "VidoreTatdqaRetrieval",
  "mteb_version": "2.8.0",
  "scores": {
    "test": [
      {
        "ndcg_at_1": 0.00425,
        "ndcg_at_3": 0.01006,
        "ndcg_at_5": 0.01283,
        "ndcg_at_10": 0.02053,
        "ndcg_at_20": 0.02921,
        "ndcg_at_100": 0.08332,
        "ndcg_at_1000": 0.1655,
        "map_at_1": 0.00395,
        "map_at_3": 0.00851,
        "map_at_5": 0.01005,
        "map_at_10": 0.01326,
        "map_at_20": 0.01555,
        "map_at_100": 0.02184,
        "map_at_1000": 0.02546,
        "recall_at_1": 0.00395,
        "recall_at_3": 0.01428,
        "recall_at_5": 0.02096,
        "recall_at_10": 0.04465,
        "recall_at_20": 0.07959,
        "recall_at_100": 0.3884,
        "recall_at_1000": 1.0,
        "accuracy": 0.00395,
        "precision_at_1": 0.00425,
        "precision_at_3": 0.00486,
        "precision_at_5": 0.00425,
        "precision_at_10": 0.0045,
        "precision_at_20": 0.00401,
        "precision_at_100": 0.00393,
        "precision_at_1000": 0.00101,
        "mrr_at_1": 0.004253,
        "mrr_at_3": 0.008809,
        "mrr_at_5": 0.010358,
        "mrr_at_10": 0.013562,
        "mrr_at_20": 0.015871,
        "mrr_at_100": 0.022159,
        "mrr_at_1000": 0.025747,
        "nauc_ndcg_at_1_max": 0.082692,
        "nauc_ndcg_at_1_std": 0.221249,
        "nauc_ndcg_at_1_diff1": -0.005944,
        "nauc_ndcg_at_3_max": 0.108937,
        "nauc_ndcg_at_3_std": 0.121612,
        "nauc_ndcg_at_3_diff1": -0.14947,
        "nauc_ndcg_at_5_max": 0.141936,
        "nauc_ndcg_at_5_std": 0.10048,
        "nauc_ndcg_at_5_diff1": -0.182341,
        "nauc_ndcg_at_10_max": 0.165384,
        "nauc_ndcg_at_10_std": 0.084803,
        "nauc_ndcg_at_10_diff1": -0.102546,
        "nauc_ndcg_at_20_max": 0.158378,
        "nauc_ndcg_at_20_std": 0.041149,
        "nauc_ndcg_at_20_diff1": -0.087286,
        "nauc_ndcg_at_100_max": 0.093209,
        "nauc_ndcg_at_100_std": 0.029764,
        "nauc_ndcg_at_100_diff1": -0.04702,
        "nauc_ndcg_at_1000_max": 0.120534,
        "nauc_ndcg_at_1000_std": 0.050853,
        "nauc_ndcg_at_1000_diff1": -0.077042,
        "nauc_map_at_1_max": 0.13329,
        "nauc_map_at_1_std": 0.161345,
        "nauc_map_at_1_diff1": -0.013987,
        "nauc_map_at_3_max": 0.11353,
        "nauc_map_at_3_std": 0.120945,
        "nauc_map_at_3_diff1": -0.143328,
        "nauc_map_at_5_max": 0.136656,
        "nauc_map_at_5_std": 0.105368,
        "nauc_map_at_5_diff1": -0.168045,
        "nauc_map_at_10_max": 0.154394,
        "nauc_map_at_10_std": 0.095315,
        "nauc_map_at_10_diff1": -0.119857,
        "nauc_map_at_20_max": 0.150807,
        "nauc_map_at_20_std": 0.073592,
        "nauc_map_at_20_diff1": -0.109328,
        "nauc_map_at_100_max": 0.132807,
        "nauc_map_at_100_std": 0.067761,
        "nauc_map_at_100_diff1": -0.093068,
        "nauc_map_at_1000_max": 0.135957,
        "nauc_map_at_1000_std": 0.070658,
        "nauc_map_at_1000_diff1": -0.097528,
        "nauc_recall_at_1_max": 0.13329,
        "nauc_recall_at_1_std": 0.161345,
        "nauc_recall_at_1_diff1": -0.013987,
        "nauc_recall_at_3_max": 0.114412,
        "nauc_recall_at_3_std": 0.106258,
        "nauc_recall_at_3_diff1": -0.162824,
        "nauc_recall_at_5_max": 0.160766,
        "nauc_recall_at_5_std": 0.081181,
        "nauc_recall_at_5_diff1": -0.206422,
        "nauc_recall_at_10_max": 0.181859,
        "nauc_recall_at_10_std": 0.067496,
        "nauc_recall_at_10_diff1": -0.081236,
        "nauc_recall_at_20_max": 0.165807,
        "nauc_recall_at_20_std": 0.008752,
        "nauc_recall_at_20_diff1": -0.068176,
        "nauc_recall_at_100_max": 0.064584,
        "nauc_recall_at_100_std": 0.007832,
        "nauc_recall_at_100_diff1": -0.018646,
        "nauc_recall_at_1000_max": NaN,
        "nauc_recall_at_1000_std": NaN,
        "nauc_recall_at_1000_diff1": NaN,
        "nauc_precision_at_1_max": 0.082692,
        "nauc_precision_at_1_std": 0.221249,
        "nauc_precision_at_1_diff1": -0.005944,
        "nauc_precision_at_3_max": 0.100048,
        "nauc_precision_at_3_std": 0.124877,
        "nauc_precision_at_3_diff1": -0.157378,
        "nauc_precision_at_5_max": 0.150253,
        "nauc_precision_at_5_std": 0.094307,
        "nauc_precision_at_5_diff1": -0.202064,
        "nauc_precision_at_10_max": 0.176745,
        "nauc_precision_at_10_std": 0.073796,
        "nauc_precision_at_10_diff1": -0.080021,
        "nauc_precision_at_20_max": 0.166161,
        "nauc_precision_at_20_std": 0.011266,
        "nauc_precision_at_20_diff1": -0.069179,
        "nauc_precision_at_100_max": 0.061202,
        "nauc_precision_at_100_std": 0.005293,
        "nauc_precision_at_100_diff1": -0.025728,
        "nauc_precision_at_1000_max": -0.224824,
        "nauc_precision_at_1000_std": -0.300225,
        "nauc_precision_at_1000_diff1": -0.412368,
        "nauc_mrr_at_1_max": 0.082692,
        "nauc_mrr_at_1_std": 0.221249,
        "nauc_mrr_at_1_diff1": -0.005944,
        "nauc_mrr_at_3_max": 0.089785,
        "nauc_mrr_at_3_std": 0.151258,
        "nauc_mrr_at_3_diff1": -0.134985,
        "nauc_mrr_at_5_max": 0.115784,
        "nauc_mrr_at_5_std": 0.131603,
        "nauc_mrr_at_5_diff1": -0.160225,
        "nauc_mrr_at_10_max": 0.138055,
        "nauc_mrr_at_10_std": 0.115578,
        "nauc_mrr_at_10_diff1": -0.114963,
        "nauc_mrr_at_20_max": 0.137726,
        "nauc_mrr_at_20_std": 0.090948,
        "nauc_mrr_at_20_diff1": -0.105722,
        "nauc_mrr_at_100_max": 0.121365,
        "nauc_mrr_at_100_std": 0.082008,
        "nauc_mrr_at_100_diff1": -0.09055,
        "nauc_mrr_at_1000_max": 0.124561,
        "nauc_mrr_at_1000_std": 0.086361,
        "nauc_mrr_at_1000_diff1": -0.094023,
        "cv_recall_at_1": 0.00425,
        "cv_recall_at_3": 0.01458,
        "cv_recall_at_5": 0.02126,
        "cv_recall_at_10": 0.04496,
        "cv_recall_at_20": 0.08019,
        "cv_recall_at_100": 0.39004,
        "cv_recall_at_1000": 1.0,
        "main_score": 0.01283,
        "hf_subset": "default",
        "languages": [
          "eng-Latn"
        ]
      }
    ]
  },
  "evaluation_time": 33.40255880355835,
  "kg_co2_emissions": null
}