{
  "dataset_revision": "78e6f5ad3bbc1af50ae9c0f006f57462213269fb",
  "task_name": "VidoreShiftProjectRetrieval",
  "mteb_version": "2.8.0",
  "scores": {
    "test": [
      {
        "ndcg_at_1": 0.01,
        "ndcg_at_3": 0.01,
        "ndcg_at_5": 0.01,
        "ndcg_at_10": 0.01,
        "ndcg_at_20": 0.01,
        "ndcg_at_100": 0.01873,
        "ndcg_at_1000": 0.12775,
        "map_at_1": 0.01,
        "map_at_3": 0.01,
        "map_at_5": 0.01,
        "map_at_10": 0.01,
        "map_at_20": 0.01,
        "map_at_100": 0.01101,
        "map_at_1000": 0.01371,
        "recall_at_1": 0.01,
        "recall_at_3": 0.01,
        "recall_at_5": 0.01,
        "recall_at_10": 0.01,
        "recall_at_20": 0.01,
        "recall_at_100": 0.06,
        "recall_at_1000": 1.0,
        "accuracy": 0.01,
        "precision_at_1": 0.01,
        "precision_at_3": 0.00333,
        "precision_at_5": 0.002,
        "precision_at_10": 0.001,
        "precision_at_20": 0.0005,
        "precision_at_100": 0.0006,
        "precision_at_1000": 0.001,
        "mrr_at_1": 0.01,
        "mrr_at_3": 0.01,
        "mrr_at_5": 0.01,
        "mrr_at_10": 0.01,
        "mrr_at_20": 0.01,
        "mrr_at_100": 0.011009,
        "mrr_at_1000": 0.01371,
        "nauc_ndcg_at_1_max": -0.574725,
        "nauc_ndcg_at_1_std": 0.661926,
        "nauc_ndcg_at_1_diff1": 0.323853,
        "nauc_ndcg_at_3_max": -0.574725,
        "nauc_ndcg_at_3_std": 0.661926,
        "nauc_ndcg_at_3_diff1": 0.323853,
        "nauc_ndcg_at_5_max": -0.574725,
        "nauc_ndcg_at_5_std": 0.661926,
        "nauc_ndcg_at_5_diff1": 0.323853,
        "nauc_ndcg_at_10_max": -0.574725,
        "nauc_ndcg_at_10_std": 0.661926,
        "nauc_ndcg_at_10_diff1": 0.323853,
        "nauc_ndcg_at_20_max": -0.574725,
        "nauc_ndcg_at_20_std": 0.661926,
        "nauc_ndcg_at_20_diff1": 0.323853,
        "nauc_ndcg_at_100_max": -0.328372,
        "nauc_ndcg_at_100_std": 0.218511,
        "nauc_ndcg_at_100_diff1": 0.099057,
        "nauc_ndcg_at_1000_max": -0.316686,
        "nauc_ndcg_at_1000_std": 0.284082,
        "nauc_ndcg_at_1000_diff1": 0.186667,
        "nauc_map_at_1_max": -0.574725,
        "nauc_map_at_1_std": 0.661926,
        "nauc_map_at_1_diff1": 0.323853,
        "nauc_map_at_3_max": -0.574725,
        "nauc_map_at_3_std": 0.661926,
        "nauc_map_at_3_diff1": 0.323853,
        "nauc_map_at_5_max": -0.574725,
        "nauc_map_at_5_std": 0.661926,
        "nauc_map_at_5_diff1": 0.323853,
        "nauc_map_at_10_max": -0.574725,
        "nauc_map_at_10_std": 0.661926,
        "nauc_map_at_10_diff1": 0.323853,
        "nauc_map_at_20_max": -0.574725,
        "nauc_map_at_20_std": 0.661926,
        "nauc_map_at_20_diff1": 0.323853,
        "nauc_map_at_100_max": -0.515909,
        "nauc_map_at_100_std": 0.574533,
        "nauc_map_at_100_diff1": 0.288961,
        "nauc_map_at_1000_max": -0.489379,
        "nauc_map_at_1000_std": 0.544525,
        "nauc_map_at_1000_diff1": 0.279555,
        "nauc_recall_at_1_max": -0.574725,
        "nauc_recall_at_1_std": 0.661926,
        "nauc_recall_at_1_diff1": 0.323853,
        "nauc_recall_at_3_max": -0.574725,
        "nauc_recall_at_3_std": 0.661926,
        "nauc_recall_at_3_diff1": 0.323853,
        "nauc_recall_at_5_max": -0.574725,
        "nauc_recall_at_5_std": 0.661926,
        "nauc_recall_at_5_diff1": 0.323853,
        "nauc_recall_at_10_max": -0.574725,
        "nauc_recall_at_10_std": 0.661926,
        "nauc_recall_at_10_diff1": 0.323853,
        "nauc_recall_at_20_max": -0.574725,
        "nauc_recall_at_20_std": 0.661926,
        "nauc_recall_at_20_diff1": 0.323853,
        "nauc_recall_at_100_max": -0.167203,
        "nauc_recall_at_100_std": -0.130936,
        "nauc_recall_at_100_diff1": -0.107772,
        "nauc_recall_at_1000_max": NaN,
        "nauc_recall_at_1000_std": NaN,
        "nauc_recall_at_1000_diff1": NaN,
        "nauc_precision_at_1_max": -0.574725,
        "nauc_precision_at_1_std": 0.661926,
        "nauc_precision_at_1_diff1": 0.323853,
        "nauc_precision_at_3_max": -0.574725,
        "nauc_precision_at_3_std": 0.661926,
        "nauc_precision_at_3_diff1": 0.323853,
        "nauc_precision_at_5_max": -0.574725,
        "nauc_precision_at_5_std": 0.661926,
        "nauc_precision_at_5_diff1": 0.323853,
        "nauc_precision_at_10_max": -0.574725,
        "nauc_precision_at_10_std": 0.661926,
        "nauc_precision_at_10_diff1": 0.323853,
        "nauc_precision_at_20_max": -0.574725,
        "nauc_precision_at_20_std": 0.661926,
        "nauc_precision_at_20_diff1": 0.323853,
        "nauc_precision_at_100_max": -0.167203,
        "nauc_precision_at_100_std": -0.130936,
        "nauc_precision_at_100_diff1": -0.107772,
        "nauc_precision_at_1000_max": NaN,
        "nauc_precision_at_1000_std": NaN,
        "nauc_precision_at_1000_diff1": NaN,
        "nauc_mrr_at_1_max": -0.574725,
        "nauc_mrr_at_1_std": 0.661926,
        "nauc_mrr_at_1_diff1": 0.323853,
        "nauc_mrr_at_3_max": -0.574725,
        "nauc_mrr_at_3_std": 0.661926,
        "nauc_mrr_at_3_diff1": 0.323853,
        "nauc_mrr_at_5_max": -0.574725,
        "nauc_mrr_at_5_std": 0.661926,
        "nauc_mrr_at_5_diff1": 0.323853,
        "nauc_mrr_at_10_max": -0.574725,
        "nauc_mrr_at_10_std": 0.661926,
        "nauc_mrr_at_10_diff1": 0.323853,
        "nauc_mrr_at_20_max": -0.574725,
        "nauc_mrr_at_20_std": 0.661926,
        "nauc_mrr_at_20_diff1": 0.323853,
        "nauc_mrr_at_100_max": -0.515909,
        "nauc_mrr_at_100_std": 0.574533,
        "nauc_mrr_at_100_diff1": 0.288961,
        "nauc_mrr_at_1000_max": -0.489379,
        "nauc_mrr_at_1000_std": 0.544525,
        "nauc_mrr_at_1000_diff1": 0.279555,
        "cv_recall_at_1": 0.01,
        "cv_recall_at_3": 0.01,
        "cv_recall_at_5": 0.01,
        "cv_recall_at_10": 0.01,
        "cv_recall_at_20": 0.01,
        "cv_recall_at_100": 0.06,
        "cv_recall_at_1000": 1.0,
        "main_score": 0.01,
        "hf_subset": "default",
        "languages": [
          "eng-Latn"
        ]
      }
    ]
  },
  "evaluation_time": 348.6743218898773,
  "kg_co2_emissions": null
}