{
  "dataset_revision": "e78cd130055fcb8d69bb0ff4115c4712a157f3d3",
  "task_name": "VidoreDocVQARetrieval",
  "mteb_version": "2.8.0",
  "scores": {
    "test": [
      {
        "ndcg_at_1": 0.01109,
        "ndcg_at_3": 0.02024,
        "ndcg_at_5": 0.02764,
        "ndcg_at_10": 0.0338,
        "ndcg_at_20": 0.04324,
        "ndcg_at_100": 0.07979,
        "ndcg_at_1000": 0.16914,
        "map_at_1": 0.01109,
        "map_at_3": 0.01752,
        "map_at_5": 0.02184,
        "map_at_10": 0.02442,
        "map_at_20": 0.02702,
        "map_at_100": 0.03147,
        "map_at_1000": 0.03465,
        "recall_at_1": 0.01109,
        "recall_at_3": 0.02705,
        "recall_at_5": 0.04479,
        "recall_at_10": 0.06308,
        "recall_at_20": 0.09841,
        "recall_at_100": 0.30124,
        "recall_at_1000": 1.0,
        "accuracy": 0.01109,
        "precision_at_1": 0.01109,
        "precision_at_3": 0.00961,
        "precision_at_5": 0.00931,
        "precision_at_10": 0.00665,
        "precision_at_20": 0.00565,
        "precision_at_100": 0.00344,
        "precision_at_1000": 0.00111,
        "mrr_at_1": 0.011086,
        "mrr_at_3": 0.018108,
        "mrr_at_5": 0.022432,
        "mrr_at_10": 0.025289,
        "mrr_at_20": 0.027978,
        "mrr_at_100": 0.032346,
        "mrr_at_1000": 0.035316,
        "nauc_ndcg_at_1_max": 0.187589,
        "nauc_ndcg_at_1_std": 0.074052,
        "nauc_ndcg_at_1_diff1": 0.514349,
        "nauc_ndcg_at_3_max": 0.267956,
        "nauc_ndcg_at_3_std": 0.149269,
        "nauc_ndcg_at_3_diff1": 0.419053,
        "nauc_ndcg_at_5_max": 0.239078,
        "nauc_ndcg_at_5_std": 0.115997,
        "nauc_ndcg_at_5_diff1": 0.345877,
        "nauc_ndcg_at_10_max": 0.207358,
        "nauc_ndcg_at_10_std": 0.128586,
        "nauc_ndcg_at_10_diff1": 0.341078,
        "nauc_ndcg_at_20_max": 0.19907,
        "nauc_ndcg_at_20_std": 0.141131,
        "nauc_ndcg_at_20_diff1": 0.309627,
        "nauc_ndcg_at_100_max": 0.155189,
        "nauc_ndcg_at_100_std": 0.112694,
        "nauc_ndcg_at_100_diff1": 0.220229,
        "nauc_ndcg_at_1000_max": 0.200828,
        "nauc_ndcg_at_1000_std": 0.127549,
        "nauc_ndcg_at_1000_diff1": 0.268213,
        "nauc_map_at_1_max": 0.187589,
        "nauc_map_at_1_std": 0.074052,
        "nauc_map_at_1_diff1": 0.514349,
        "nauc_map_at_3_max": 0.25245,
        "nauc_map_at_3_std": 0.124915,
        "nauc_map_at_3_diff1": 0.446102,
        "nauc_map_at_5_max": 0.234193,
        "nauc_map_at_5_std": 0.107811,
        "nauc_map_at_5_diff1": 0.385023,
        "nauc_map_at_10_max": 0.216385,
        "nauc_map_at_10_std": 0.121747,
        "nauc_map_at_10_diff1": 0.384463,
        "nauc_map_at_20_max": 0.210537,
        "nauc_map_at_20_std": 0.132222,
        "nauc_map_at_20_diff1": 0.361839,
        "nauc_map_at_100_max": 0.199596,
        "nauc_map_at_100_std": 0.124376,
        "nauc_map_at_100_diff1": 0.33257,
        "nauc_map_at_1000_max": 0.204928,
        "nauc_map_at_1000_std": 0.126149,
        "nauc_map_at_1000_diff1": 0.336285,
        "nauc_recall_at_1_max": 0.187589,
        "nauc_recall_at_1_std": 0.074052,
        "nauc_recall_at_1_diff1": 0.514349,
        "nauc_recall_at_3_max": 0.319746,
        "nauc_recall_at_3_std": 0.174461,
        "nauc_recall_at_3_diff1": 0.403778,
        "nauc_recall_at_5_max": 0.250884,
        "nauc_recall_at_5_std": 0.119543,
        "nauc_recall_at_5_diff1": 0.296291,
        "nauc_recall_at_10_max": 0.201429,
        "nauc_recall_at_10_std": 0.131599,
        "nauc_recall_at_10_diff1": 0.296107,
        "nauc_recall_at_20_max": 0.186975,
        "nauc_recall_at_20_std": 0.139703,
        "nauc_recall_at_20_diff1": 0.262501,
        "nauc_recall_at_100_max": 0.104693,
        "nauc_recall_at_100_std": 0.094042,
        "nauc_recall_at_100_diff1": 0.132871,
        "nauc_recall_at_1000_max": NaN,
        "nauc_recall_at_1000_std": NaN,
        "nauc_recall_at_1000_diff1": NaN,
        "nauc_precision_at_1_max": 0.187589,
        "nauc_precision_at_1_std": 0.074052,
        "nauc_precision_at_1_diff1": 0.514349,
        "nauc_precision_at_3_max": 0.287415,
        "nauc_precision_at_3_std": 0.204461,
        "nauc_precision_at_3_diff1": 0.353443,
        "nauc_precision_at_5_max": 0.233492,
        "nauc_precision_at_5_std": 0.140207,
        "nauc_precision_at_5_diff1": 0.269226,
        "nauc_precision_at_10_max": 0.175184,
        "nauc_precision_at_10_std": 0.134505,
        "nauc_precision_at_10_diff1": 0.261816,
        "nauc_precision_at_20_max": 0.166609,
        "nauc_precision_at_20_std": 0.173336,
        "nauc_precision_at_20_diff1": 0.225945,
        "nauc_precision_at_100_max": 0.13449,
        "nauc_precision_at_100_std": 0.104114,
        "nauc_precision_at_100_diff1": 0.130989,
        "nauc_precision_at_1000_max": 0.295872,
        "nauc_precision_at_1000_std": 0.011058,
        "nauc_precision_at_1000_diff1": 0.11643,
        "nauc_mrr_at_1_max": 0.187589,
        "nauc_mrr_at_1_std": 0.074052,
        "nauc_mrr_at_1_diff1": 0.514349,
        "nauc_mrr_at_3_max": 0.237492,
        "nauc_mrr_at_3_std": 0.142452,
        "nauc_mrr_at_3_diff1": 0.418011,
        "nauc_mrr_at_5_max": 0.222599,
        "nauc_mrr_at_5_std": 0.122418,
        "nauc_mrr_at_5_diff1": 0.363957,
        "nauc_mrr_at_10_max": 0.199607,
        "nauc_mrr_at_10_std": 0.12956,
        "nauc_mrr_at_10_diff1": 0.358093,
        "nauc_mrr_at_20_max": 0.202941,
        "nauc_mrr_at_20_std": 0.136027,
        "nauc_mrr_at_20_diff1": 0.349506,
        "nauc_mrr_at_100_max": 0.19472,
        "nauc_mrr_at_100_std": 0.128061,
        "nauc_mrr_at_100_diff1": 0.321866,
        "nauc_mrr_at_1000_max": 0.197485,
        "nauc_mrr_at_1000_std": 0.129874,
        "nauc_mrr_at_1000_diff1": 0.324948,
        "cv_recall_at_1": 0.01109,
        "cv_recall_at_3": 0.02882,
        "cv_recall_at_5": 0.04656,
        "cv_recall_at_10": 0.06652,
        "cv_recall_at_20": 0.10643,
        "cv_recall_at_100": 0.31486,
        "cv_recall_at_1000": 1.0,
        "main_score": 0.02764,
        "hf_subset": "default",
        "languages": [
          "eng-Latn"
        ]
      }
    ]
  },
  "evaluation_time": 97.71453166007996,
  "kg_co2_emissions": null
}