{
  "dataset_revision": "74d396242cc281c021eeb38d0ee5f6f30afc1fad",
  "task_name": "VidoreInfoVQARetrieval",
  "mteb_version": "2.8.0",
  "scores": {
    "test": [
      {
        "ndcg_at_1": 0.05061,
        "ndcg_at_3": 0.0694,
        "ndcg_at_5": 0.08224,
        "ndcg_at_10": 0.0902,
        "ndcg_at_20": 0.10345,
        "ndcg_at_100": 0.15497,
        "ndcg_at_1000": 0.22127,
        "map_at_1": 0.05061,
        "map_at_3": 0.0641,
        "map_at_5": 0.07119,
        "map_at_10": 0.07453,
        "map_at_20": 0.07813,
        "map_at_100": 0.08444,
        "map_at_1000": 0.0869,
        "recall_at_1": 0.05061,
        "recall_at_3": 0.08502,
        "recall_at_5": 0.11579,
        "recall_at_10": 0.14008,
        "recall_at_20": 0.19271,
        "recall_at_100": 0.48259,
        "recall_at_1000": 1.0,
        "accuracy": 0.05061,
        "precision_at_1": 0.05061,
        "precision_at_3": 0.02834,
        "precision_at_5": 0.02348,
        "precision_at_10": 0.01417,
        "precision_at_20": 0.00972,
        "precision_at_100": 0.00486,
        "precision_at_1000": 0.00101,
        "mrr_at_1": 0.050607,
        "mrr_at_3": 0.064103,
        "mrr_at_5": 0.071592,
        "mrr_at_10": 0.074932,
        "mrr_at_20": 0.078534,
        "mrr_at_100": 0.084839,
        "mrr_at_1000": 0.087275,
        "nauc_ndcg_at_1_max": -0.083003,
        "nauc_ndcg_at_1_std": -0.157942,
        "nauc_ndcg_at_1_diff1": 0.388151,
        "nauc_ndcg_at_3_max": -0.087829,
        "nauc_ndcg_at_3_std": -0.088889,
        "nauc_ndcg_at_3_diff1": 0.26954,
        "nauc_ndcg_at_5_max": -0.084022,
        "nauc_ndcg_at_5_std": -0.086265,
        "nauc_ndcg_at_5_diff1": 0.254621,
        "nauc_ndcg_at_10_max": -0.076566,
        "nauc_ndcg_at_10_std": -0.062041,
        "nauc_ndcg_at_10_diff1": 0.214378,
        "nauc_ndcg_at_20_max": -0.067626,
        "nauc_ndcg_at_20_std": -0.043326,
        "nauc_ndcg_at_20_diff1": 0.183418,
        "nauc_ndcg_at_100_max": -0.110327,
        "nauc_ndcg_at_100_std": -0.044411,
        "nauc_ndcg_at_100_diff1": 0.149144,
        "nauc_ndcg_at_1000_max": -0.09214,
        "nauc_ndcg_at_1000_std": -0.059991,
        "nauc_ndcg_at_1000_diff1": 0.198816,
        "nauc_map_at_1_max": -0.083003,
        "nauc_map_at_1_std": -0.157942,
        "nauc_map_at_1_diff1": 0.388151,
        "nauc_map_at_3_max": -0.090841,
        "nauc_map_at_3_std": -0.107577,
        "nauc_map_at_3_diff1": 0.292418,
        "nauc_map_at_5_max": -0.08925,
        "nauc_map_at_5_std": -0.104624,
        "nauc_map_at_5_diff1": 0.281146,
        "nauc_map_at_10_max": -0.085982,
        "nauc_map_at_10_std": -0.093255,
        "nauc_map_at_10_diff1": 0.26032,
        "nauc_map_at_20_max": -0.082142,
        "nauc_map_at_20_std": -0.085575,
        "nauc_map_at_20_diff1": 0.248709,
        "nauc_map_at_100_max": -0.090963,
        "nauc_map_at_100_std": -0.08512,
        "nauc_map_at_100_diff1": 0.240743,
        "nauc_map_at_1000_max": -0.089786,
        "nauc_map_at_1000_std": -0.085596,
        "nauc_map_at_1000_diff1": 0.244067,
        "nauc_recall_at_1_max": -0.083003,
        "nauc_recall_at_1_std": -0.157942,
        "nauc_recall_at_1_diff1": 0.388151,
        "nauc_recall_at_3_max": -0.080051,
        "nauc_recall_at_3_std": -0.046504,
        "nauc_recall_at_3_diff1": 0.219668,
        "nauc_recall_at_5_max": -0.072223,
        "nauc_recall_at_5_std": -0.048126,
        "nauc_recall_at_5_diff1": 0.206461,
        "nauc_recall_at_10_max": -0.056554,
        "nauc_recall_at_10_std": 0.000593,
        "nauc_recall_at_10_diff1": 0.129832,
        "nauc_recall_at_20_max": -0.041775,
        "nauc_recall_at_20_std": 0.029487,
        "nauc_recall_at_20_diff1": 0.074647,
        "nauc_recall_at_100_max": -0.157361,
        "nauc_recall_at_100_std": 0.012986,
        "nauc_recall_at_100_diff1": 0.005852,
        "nauc_recall_at_1000_max": NaN,
        "nauc_recall_at_1000_std": NaN,
        "nauc_recall_at_1000_diff1": NaN,
        "nauc_precision_at_1_max": -0.083003,
        "nauc_precision_at_1_std": -0.157942,
        "nauc_precision_at_1_diff1": 0.388151,
        "nauc_precision_at_3_max": -0.080051,
        "nauc_precision_at_3_std": -0.046504,
        "nauc_precision_at_3_diff1": 0.219668,
        "nauc_precision_at_5_max": -0.072553,
        "nauc_precision_at_5_std": -0.056015,
        "nauc_precision_at_5_diff1": 0.201488,
        "nauc_precision_at_10_max": -0.056974,
        "nauc_precision_at_10_std": -0.006711,
        "nauc_precision_at_10_diff1": 0.126129,
        "nauc_precision_at_20_max": -0.042203,
        "nauc_precision_at_20_std": 0.023559,
        "nauc_precision_at_20_diff1": 0.072102,
        "nauc_precision_at_100_max": -0.156983,
        "nauc_precision_at_100_std": 0.003763,
        "nauc_precision_at_100_diff1": 0.00254,
        "nauc_precision_at_1000_max": 0.286436,
        "nauc_precision_at_1000_std": -0.199344,
        "nauc_precision_at_1000_diff1": -0.160309,
        "nauc_mrr_at_1_max": -0.083003,
        "nauc_mrr_at_1_std": -0.157942,
        "nauc_mrr_at_1_diff1": 0.388151,
        "nauc_mrr_at_3_max": -0.090841,
        "nauc_mrr_at_3_std": -0.107577,
        "nauc_mrr_at_3_diff1": 0.292418,
        "nauc_mrr_at_5_max": -0.089316,
        "nauc_mrr_at_5_std": -0.107531,
        "nauc_mrr_at_5_diff1": 0.278894,
        "nauc_mrr_at_10_max": -0.086058,
        "nauc_mrr_at_10_std": -0.096116,
        "nauc_mrr_at_10_diff1": 0.258213,
        "nauc_mrr_at_20_max": -0.082229,
        "nauc_mrr_at_20_std": -0.088372,
        "nauc_mrr_at_20_diff1": 0.24671,
        "nauc_mrr_at_100_max": -0.091016,
        "nauc_mrr_at_100_std": -0.087798,
        "nauc_mrr_at_100_diff1": 0.238858,
        "nauc_mrr_at_1000_max": -0.089795,
        "nauc_mrr_at_1000_std": -0.088191,
        "nauc_mrr_at_1000_diff1": 0.242241,
        "cv_recall_at_1": 0.05061,
        "cv_recall_at_3": 0.08502,
        "cv_recall_at_5": 0.11741,
        "cv_recall_at_10": 0.1417,
        "cv_recall_at_20": 0.19433,
        "cv_recall_at_100": 0.48381,
        "cv_recall_at_1000": 1.0,
        "main_score": 0.08224,
        "hf_subset": "default",
        "languages": [
          "eng-Latn"
        ]
      }
    ]
  },
  "evaluation_time": 29.179131984710693,
  "kg_co2_emissions": null
}