{
  "dataset_revision": "24a4541c4c461f5ff4f4af4e97ec820715281a06",
  "task_name": "VidoreTabfquadRetrieval",
  "mteb_version": "2.8.0",
  "scores": {
    "test": [
      {
        "ndcg_at_1": 0.02143,
        "ndcg_at_3": 0.03082,
        "ndcg_at_5": 0.04404,
        "ndcg_at_10": 0.0674,
        "ndcg_at_20": 0.09971,
        "ndcg_at_100": 0.2338,
        "ndcg_at_1000": 0.2338,
        "map_at_1": 0.02143,
        "map_at_3": 0.02798,
        "map_at_5": 0.0353,
        "map_at_10": 0.04509,
        "map_at_20": 0.05384,
        "map_at_100": 0.07155,
        "map_at_1000": 0.07155,
        "recall_at_1": 0.02143,
        "recall_at_3": 0.03929,
        "recall_at_5": 0.07143,
        "recall_at_10": 0.14286,
        "recall_at_20": 0.27143,
        "recall_at_100": 1.0,
        "recall_at_1000": 1.0,
        "accuracy": 0.02143,
        "precision_at_1": 0.02143,
        "precision_at_3": 0.0131,
        "precision_at_5": 0.01429,
        "precision_at_10": 0.01429,
        "precision_at_20": 0.01357,
        "precision_at_100": 0.01,
        "precision_at_1000": 0.001,
        "mrr_at_1": 0.021429,
        "mrr_at_3": 0.027976,
        "mrr_at_5": 0.035298,
        "mrr_at_10": 0.045086,
        "mrr_at_20": 0.053839,
        "mrr_at_100": 0.071548,
        "mrr_at_1000": 0.071548,
        "nauc_ndcg_at_1_max": -0.295725,
        "nauc_ndcg_at_1_std": -0.189607,
        "nauc_ndcg_at_1_diff1": -0.109293,
        "nauc_ndcg_at_3_max": -0.268344,
        "nauc_ndcg_at_3_std": -0.205753,
        "nauc_ndcg_at_3_diff1": -0.094644,
        "nauc_ndcg_at_5_max": -0.156612,
        "nauc_ndcg_at_5_std": -0.165666,
        "nauc_ndcg_at_5_diff1": -0.029134,
        "nauc_ndcg_at_10_max": -0.155932,
        "nauc_ndcg_at_10_std": -0.038696,
        "nauc_ndcg_at_10_diff1": 0.024521,
        "nauc_ndcg_at_20_max": -0.077424,
        "nauc_ndcg_at_20_std": -0.04899,
        "nauc_ndcg_at_20_diff1": 0.005919,
        "nauc_ndcg_at_100_max": -0.142684,
        "nauc_ndcg_at_100_std": -0.095175,
        "nauc_ndcg_at_100_diff1": -0.020791,
        "nauc_ndcg_at_1000_max": -0.142684,
        "nauc_ndcg_at_1000_std": -0.095175,
        "nauc_ndcg_at_1000_diff1": -0.020791,
        "nauc_map_at_1_max": -0.295725,
        "nauc_map_at_1_std": -0.189607,
        "nauc_map_at_1_diff1": -0.109293,
        "nauc_map_at_3_max": -0.27844,
        "nauc_map_at_3_std": -0.203752,
        "nauc_map_at_3_diff1": -0.094143,
        "nauc_map_at_5_max": -0.202231,
        "nauc_map_at_5_std": -0.178885,
        "nauc_map_at_5_diff1": -0.048507,
        "nauc_map_at_10_max": -0.192297,
        "nauc_map_at_10_std": -0.100839,
        "nauc_map_at_10_diff1": -0.009383,
        "nauc_map_at_20_max": -0.153218,
        "nauc_map_at_20_std": -0.100313,
        "nauc_map_at_20_diff1": -0.015905,
        "nauc_map_at_100_max": -0.170632,
        "nauc_map_at_100_std": -0.114495,
        "nauc_map_at_100_diff1": -0.027115,
        "nauc_map_at_1000_max": -0.170632,
        "nauc_map_at_1000_std": -0.114495,
        "nauc_map_at_1000_diff1": -0.027115,
        "nauc_recall_at_1_max": -0.295725,
        "nauc_recall_at_1_std": -0.189607,
        "nauc_recall_at_1_diff1": -0.109293,
        "nauc_recall_at_3_max": -0.246116,
        "nauc_recall_at_3_std": -0.209576,
        "nauc_recall_at_3_diff1": -0.096617,
        "nauc_recall_at_5_max": -0.082211,
        "nauc_recall_at_5_std": -0.142782,
        "nauc_recall_at_5_diff1": 0.001556,
        "nauc_recall_at_10_max": -0.116281,
        "nauc_recall_at_10_std": 0.040333,
        "nauc_recall_at_10_diff1": 0.063385,
        "nauc_recall_at_20_max": -0.001022,
        "nauc_recall_at_20_std": -0.000845,
        "nauc_recall_at_20_diff1": 0.022711,
        "nauc_recall_at_100_max": NaN,
        "nauc_recall_at_100_std": NaN,
        "nauc_recall_at_100_diff1": NaN,
        "nauc_recall_at_1000_max": NaN,
        "nauc_recall_at_1000_std": NaN,
        "nauc_recall_at_1000_diff1": NaN,
        "nauc_precision_at_1_max": -0.295725,
        "nauc_precision_at_1_std": -0.189607,
        "nauc_precision_at_1_diff1": -0.109293,
        "nauc_precision_at_3_max": -0.246116,
        "nauc_precision_at_3_std": -0.209576,
        "nauc_precision_at_3_diff1": -0.096617,
        "nauc_precision_at_5_max": -0.082211,
        "nauc_precision_at_5_std": -0.142782,
        "nauc_precision_at_5_diff1": 0.001556,
        "nauc_precision_at_10_max": -0.116281,
        "nauc_precision_at_10_std": 0.040333,
        "nauc_precision_at_10_diff1": 0.063385,
        "nauc_precision_at_20_max": -0.001022,
        "nauc_precision_at_20_std": -0.000845,
        "nauc_precision_at_20_diff1": 0.022711,
        "nauc_precision_at_100_max": 1.0,
        "nauc_precision_at_100_std": 1.0,
        "nauc_precision_at_100_diff1": 1.0,
        "nauc_precision_at_1000_max": NaN,
        "nauc_precision_at_1000_std": NaN,
        "nauc_precision_at_1000_diff1": NaN,
        "nauc_mrr_at_1_max": -0.295725,
        "nauc_mrr_at_1_std": -0.189607,
        "nauc_mrr_at_1_diff1": -0.109293,
        "nauc_mrr_at_3_max": -0.27844,
        "nauc_mrr_at_3_std": -0.203752,
        "nauc_mrr_at_3_diff1": -0.094143,
        "nauc_mrr_at_5_max": -0.202231,
        "nauc_mrr_at_5_std": -0.178885,
        "nauc_mrr_at_5_diff1": -0.048507,
        "nauc_mrr_at_10_max": -0.192297,
        "nauc_mrr_at_10_std": -0.100839,
        "nauc_mrr_at_10_diff1": -0.009383,
        "nauc_mrr_at_20_max": -0.153218,
        "nauc_mrr_at_20_std": -0.100313,
        "nauc_mrr_at_20_diff1": -0.015905,
        "nauc_mrr_at_100_max": -0.170632,
        "nauc_mrr_at_100_std": -0.114495,
        "nauc_mrr_at_100_diff1": -0.027115,
        "nauc_mrr_at_1000_max": -0.170632,
        "nauc_mrr_at_1000_std": -0.114495,
        "nauc_mrr_at_1000_diff1": -0.027115,
        "cv_recall_at_1": 0.02143,
        "cv_recall_at_3": 0.03929,
        "cv_recall_at_5": 0.07143,
        "cv_recall_at_10": 0.14286,
        "cv_recall_at_20": 0.27143,
        "cv_recall_at_100": 1.0,
        "cv_recall_at_1000": 1.0,
        "main_score": 0.04404,
        "hf_subset": "default",
        "languages": [
          "eng-Latn"
        ]
      }
    ]
  },
  "evaluation_time": 2.5727720260620117,
  "kg_co2_emissions": null
}