{
  "dataset_revision": "158d0c0ce9cdd4f292964393de7dd47dc3e87519",
  "task_name": "VisualNewsI2TRetrieval",
  "mteb_version": "2.8.0",
  "scores": {
    "test": [
      {
        "ndcg_at_1": 0.01355,
        "ndcg_at_3": 0.02185,
        "ndcg_at_5": 0.02582,
        "ndcg_at_10": 0.03132,
        "ndcg_at_20": 0.03725,
        "ndcg_at_100": 0.0519,
        "ndcg_at_1000": 0.07685,
        "map_at_1": 0.01355,
        "map_at_3": 0.01968,
        "map_at_5": 0.02188,
        "map_at_10": 0.02414,
        "map_at_20": 0.02576,
        "map_at_100": 0.02761,
        "map_at_1000": 0.02837,
        "recall_at_1": 0.01355,
        "recall_at_3": 0.02815,
        "recall_at_5": 0.03785,
        "recall_at_10": 0.0549,
        "recall_at_20": 0.0784,
        "recall_at_100": 0.1599,
        "recall_at_1000": 0.36735,
        "accuracy": 0.01355,
        "precision_at_1": 0.01355,
        "precision_at_3": 0.00938,
        "precision_at_5": 0.00757,
        "precision_at_10": 0.00549,
        "precision_at_20": 0.00392,
        "precision_at_100": 0.0016,
        "precision_at_1000": 0.00037,
        "mrr_at_1": 0.01355,
        "mrr_at_3": 0.019683,
        "mrr_at_5": 0.021878,
        "mrr_at_10": 0.024141,
        "mrr_at_20": 0.025763,
        "mrr_at_100": 0.027614,
        "mrr_at_1000": 0.028365,
        "nauc_ndcg_at_1_max": 0.29232,
        "nauc_ndcg_at_1_std": 0.422362,
        "nauc_ndcg_at_1_diff1": 0.319,
        "nauc_ndcg_at_3_max": 0.25546,
        "nauc_ndcg_at_3_std": 0.412213,
        "nauc_ndcg_at_3_diff1": 0.247098,
        "nauc_ndcg_at_5_max": 0.24354,
        "nauc_ndcg_at_5_std": 0.404143,
        "nauc_ndcg_at_5_diff1": 0.216698,
        "nauc_ndcg_at_10_max": 0.227052,
        "nauc_ndcg_at_10_std": 0.397091,
        "nauc_ndcg_at_10_diff1": 0.188307,
        "nauc_ndcg_at_20_max": 0.209258,
        "nauc_ndcg_at_20_std": 0.388143,
        "nauc_ndcg_at_20_diff1": 0.162574,
        "nauc_ndcg_at_100_max": 0.195366,
        "nauc_ndcg_at_100_std": 0.389671,
        "nauc_ndcg_at_100_diff1": 0.126637,
        "nauc_ndcg_at_1000_max": 0.19298,
        "nauc_ndcg_at_1000_std": 0.389918,
        "nauc_ndcg_at_1000_diff1": 0.106276,
        "nauc_map_at_1_max": 0.29232,
        "nauc_map_at_1_std": 0.422362,
        "nauc_map_at_1_diff1": 0.319,
        "nauc_map_at_3_max": 0.263491,
        "nauc_map_at_3_std": 0.414889,
        "nauc_map_at_3_diff1": 0.260777,
        "nauc_map_at_5_max": 0.255083,
        "nauc_map_at_5_std": 0.409307,
        "nauc_map_at_5_diff1": 0.239683,
        "nauc_map_at_10_max": 0.244798,
        "nauc_map_at_10_std": 0.404837,
        "nauc_map_at_10_diff1": 0.22261,
        "nauc_map_at_20_max": 0.236503,
        "nauc_map_at_20_std": 0.401104,
        "nauc_map_at_20_diff1": 0.210235,
        "nauc_map_at_100_max": 0.231187,
        "nauc_map_at_100_std": 0.400351,
        "nauc_map_at_100_diff1": 0.199019,
        "nauc_map_at_1000_max": 0.230511,
        "nauc_map_at_1000_std": 0.400176,
        "nauc_map_at_1000_diff1": 0.196785,
        "nauc_recall_at_1_max": 0.29232,
        "nauc_recall_at_1_std": 0.422362,
        "nauc_recall_at_1_diff1": 0.319,
        "nauc_recall_at_3_max": 0.238705,
        "nauc_recall_at_3_std": 0.406528,
        "nauc_recall_at_3_diff1": 0.218994,
        "nauc_recall_at_5_max": 0.222766,
        "nauc_recall_at_5_std": 0.394687,
        "nauc_recall_at_5_diff1": 0.175394,
        "nauc_recall_at_10_max": 0.200994,
        "nauc_recall_at_10_std": 0.385675,
        "nauc_recall_at_10_diff1": 0.137433,
        "nauc_recall_at_20_max": 0.175645,
        "nauc_recall_at_20_std": 0.371488,
        "nauc_recall_at_20_diff1": 0.10436,
        "nauc_recall_at_100_max": 0.165409,
        "nauc_recall_at_100_std": 0.382752,
        "nauc_recall_at_100_diff1": 0.061863,
        "nauc_recall_at_1000_max": 0.169909,
        "nauc_recall_at_1000_std": 0.385682,
        "nauc_recall_at_1000_diff1": 0.036107,
        "nauc_precision_at_1_max": 0.29232,
        "nauc_precision_at_1_std": 0.422362,
        "nauc_precision_at_1_diff1": 0.319,
        "nauc_precision_at_3_max": 0.238705,
        "nauc_precision_at_3_std": 0.406528,
        "nauc_precision_at_3_diff1": 0.218994,
        "nauc_precision_at_5_max": 0.222766,
        "nauc_precision_at_5_std": 0.394687,
        "nauc_precision_at_5_diff1": 0.175394,
        "nauc_precision_at_10_max": 0.200994,
        "nauc_precision_at_10_std": 0.385675,
        "nauc_precision_at_10_diff1": 0.137433,
        "nauc_precision_at_20_max": 0.175645,
        "nauc_precision_at_20_std": 0.371488,
        "nauc_precision_at_20_diff1": 0.10436,
        "nauc_precision_at_100_max": 0.165409,
        "nauc_precision_at_100_std": 0.382752,
        "nauc_precision_at_100_diff1": 0.061863,
        "nauc_precision_at_1000_max": 0.169909,
        "nauc_precision_at_1000_std": 0.385682,
        "nauc_precision_at_1000_diff1": 0.036107,
        "nauc_mrr_at_1_max": 0.29232,
        "nauc_mrr_at_1_std": 0.422362,
        "nauc_mrr_at_1_diff1": 0.319,
        "nauc_mrr_at_3_max": 0.263491,
        "nauc_mrr_at_3_std": 0.414889,
        "nauc_mrr_at_3_diff1": 0.260777,
        "nauc_mrr_at_5_max": 0.255083,
        "nauc_mrr_at_5_std": 0.409307,
        "nauc_mrr_at_5_diff1": 0.239683,
        "nauc_mrr_at_10_max": 0.244798,
        "nauc_mrr_at_10_std": 0.404837,
        "nauc_mrr_at_10_diff1": 0.22261,
        "nauc_mrr_at_20_max": 0.236503,
        "nauc_mrr_at_20_std": 0.401104,
        "nauc_mrr_at_20_diff1": 0.210235,
        "nauc_mrr_at_100_max": 0.231187,
        "nauc_mrr_at_100_std": 0.400351,
        "nauc_mrr_at_100_diff1": 0.199019,
        "nauc_mrr_at_1000_max": 0.230511,
        "nauc_mrr_at_1000_std": 0.400176,
        "nauc_mrr_at_1000_diff1": 0.196785,
        "cv_recall_at_1": 0.01355,
        "cv_recall_at_3": 0.02815,
        "cv_recall_at_5": 0.03785,
        "cv_recall_at_10": 0.0549,
        "cv_recall_at_20": 0.0784,
        "cv_recall_at_100": 0.1599,
        "cv_recall_at_1000": 0.36735,
        "main_score": 0.03132,
        "hf_subset": "default",
        "languages": [
          "eng-Latn"
        ]
      }
    ]
  },
  "evaluation_time": 3494.195886850357,
  "kg_co2_emissions": null
}