{
  "dataset_revision": "cee84d52b243da575fa9ba71501a8433464a79a1",
  "task_name": "VQA2IT2TRetrieval",
  "mteb_version": "2.8.0",
  "scores": {
    "test": [
      {
        "ndcg_at_1": 0.0019,
        "ndcg_at_3": 0.00396,
        "ndcg_at_5": 0.00512,
        "ndcg_at_10": 0.00737,
        "ndcg_at_20": 0.01101,
        "ndcg_at_100": 0.0201,
        "ndcg_at_1000": 0.03461,
        "map_at_1": 0.0019,
        "map_at_3": 0.00342,
        "map_at_5": 0.00406,
        "map_at_10": 0.00498,
        "map_at_20": 0.00595,
        "map_at_100": 0.00713,
        "map_at_1000": 0.00752,
        "recall_at_1": 0.0019,
        "recall_at_3": 0.00552,
        "recall_at_5": 0.00837,
        "recall_at_10": 0.01538,
        "recall_at_20": 0.02998,
        "recall_at_100": 0.08007,
        "recall_at_1000": 0.20424,
        "accuracy": 0.0019,
        "precision_at_1": 0.0019,
        "precision_at_3": 0.00184,
        "precision_at_5": 0.00167,
        "precision_at_10": 0.00154,
        "precision_at_20": 0.0015,
        "precision_at_100": 0.0008,
        "precision_at_1000": 0.0002,
        "mrr_at_1": 0.001903,
        "mrr_at_3": 0.003441,
        "mrr_at_5": 0.00409,
        "mrr_at_10": 0.004997,
        "mrr_at_20": 0.00598,
        "mrr_at_100": 0.007158,
        "mrr_at_1000": 0.007545,
        "nauc_ndcg_at_1_max": 0.045518,
        "nauc_ndcg_at_1_std": -0.072809,
        "nauc_ndcg_at_1_diff1": 0.102979,
        "nauc_ndcg_at_3_max": 0.049204,
        "nauc_ndcg_at_3_std": -0.029376,
        "nauc_ndcg_at_3_diff1": 0.064675,
        "nauc_ndcg_at_5_max": 0.041814,
        "nauc_ndcg_at_5_std": -0.016387,
        "nauc_ndcg_at_5_diff1": 0.050824,
        "nauc_ndcg_at_10_max": 0.044333,
        "nauc_ndcg_at_10_std": 0.009918,
        "nauc_ndcg_at_10_diff1": 0.029061,
        "nauc_ndcg_at_20_max": 0.083778,
        "nauc_ndcg_at_20_std": 0.056225,
        "nauc_ndcg_at_20_diff1": 0.027919,
        "nauc_ndcg_at_100_max": 0.083612,
        "nauc_ndcg_at_100_std": 0.090235,
        "nauc_ndcg_at_100_diff1": 0.008982,
        "nauc_ndcg_at_1000_max": 0.051379,
        "nauc_ndcg_at_1000_std": 0.062434,
        "nauc_ndcg_at_1000_diff1": 0.001397,
        "nauc_map_at_1_max": 0.045518,
        "nauc_map_at_1_std": -0.072809,
        "nauc_map_at_1_diff1": 0.102979,
        "nauc_map_at_3_max": 0.049229,
        "nauc_map_at_3_std": -0.036482,
        "nauc_map_at_3_diff1": 0.071492,
        "nauc_map_at_5_max": 0.044394,
        "nauc_map_at_5_std": -0.02643,
        "nauc_map_at_5_diff1": 0.060867,
        "nauc_map_at_10_max": 0.04536,
        "nauc_map_at_10_std": -0.008382,
        "nauc_map_at_10_diff1": 0.046359,
        "nauc_map_at_20_max": 0.06481,
        "nauc_map_at_20_std": 0.017363,
        "nauc_map_at_20_diff1": 0.043099,
        "nauc_map_at_100_max": 0.069706,
        "nauc_map_at_100_std": 0.037527,
        "nauc_map_at_100_diff1": 0.034108,
        "nauc_map_at_1000_max": 0.066394,
        "nauc_map_at_1000_std": 0.036507,
        "nauc_map_at_1000_diff1": 0.032591,
        "nauc_recall_at_1_max": 0.045518,
        "nauc_recall_at_1_std": -0.072809,
        "nauc_recall_at_1_diff1": 0.102979,
        "nauc_recall_at_3_max": 0.049026,
        "nauc_recall_at_3_std": -0.016358,
        "nauc_recall_at_3_diff1": 0.05207,
        "nauc_recall_at_5_max": 0.037433,
        "nauc_recall_at_5_std": -0.001192,
        "nauc_recall_at_5_diff1": 0.035512,
        "nauc_recall_at_10_max": 0.043326,
        "nauc_recall_at_10_std": 0.030647,
        "nauc_recall_at_10_diff1": 0.009135,
        "nauc_recall_at_20_max": 0.101736,
        "nauc_recall_at_20_std": 0.088976,
        "nauc_recall_at_20_diff1": 0.016919,
        "nauc_recall_at_100_max": 0.087832,
        "nauc_recall_at_100_std": 0.113607,
        "nauc_recall_at_100_diff1": -0.00292,
        "nauc_recall_at_1000_max": 0.036714,
        "nauc_recall_at_1000_std": 0.058769,
        "nauc_recall_at_1000_diff1": -0.009498,
        "nauc_precision_at_1_max": 0.045518,
        "nauc_precision_at_1_std": -0.072809,
        "nauc_precision_at_1_diff1": 0.102979,
        "nauc_precision_at_3_max": 0.049026,
        "nauc_precision_at_3_std": -0.016358,
        "nauc_precision_at_3_diff1": 0.05207,
        "nauc_precision_at_5_max": 0.037433,
        "nauc_precision_at_5_std": -0.001192,
        "nauc_precision_at_5_diff1": 0.035512,
        "nauc_precision_at_10_max": 0.043326,
        "nauc_precision_at_10_std": 0.030647,
        "nauc_precision_at_10_diff1": 0.009135,
        "nauc_precision_at_20_max": 0.101736,
        "nauc_precision_at_20_std": 0.088976,
        "nauc_precision_at_20_diff1": 0.016919,
        "nauc_precision_at_100_max": 0.087832,
        "nauc_precision_at_100_std": 0.113607,
        "nauc_precision_at_100_diff1": -0.00292,
        "nauc_precision_at_1000_max": 0.036714,
        "nauc_precision_at_1000_std": 0.058769,
        "nauc_precision_at_1000_diff1": -0.009498,
        "nauc_mrr_at_1_max": 0.045518,
        "nauc_mrr_at_1_std": -0.072809,
        "nauc_mrr_at_1_diff1": 0.102979,
        "nauc_mrr_at_3_max": 0.046751,
        "nauc_mrr_at_3_std": -0.03445,
        "nauc_mrr_at_3_diff1": 0.071156,
        "nauc_mrr_at_5_max": 0.04152,
        "nauc_mrr_at_5_std": -0.024287,
        "nauc_mrr_at_5_diff1": 0.059806,
        "nauc_mrr_at_10_max": 0.044143,
        "nauc_mrr_at_10_std": -0.006984,
        "nauc_mrr_at_10_diff1": 0.046189,
        "nauc_mrr_at_20_max": 0.063562,
        "nauc_mrr_at_20_std": 0.018487,
        "nauc_mrr_at_20_diff1": 0.042805,
        "nauc_mrr_at_100_max": 0.068749,
        "nauc_mrr_at_100_std": 0.038431,
        "nauc_mrr_at_100_diff1": 0.033949,
        "nauc_mrr_at_1000_max": 0.065487,
        "nauc_mrr_at_1000_std": 0.037379,
        "nauc_mrr_at_1000_diff1": 0.032443,
        "cv_recall_at_1": 0.0019,
        "cv_recall_at_3": 0.00556,
        "cv_recall_at_5": 0.00846,
        "cv_recall_at_10": 0.01538,
        "cv_recall_at_20": 0.03004,
        "cv_recall_at_100": 0.08007,
        "cv_recall_at_1000": 0.20424,
        "main_score": 0.00737,
        "hf_subset": "default",
        "languages": [
          "eng-Latn"
        ]
      }
    ]
  },
  "evaluation_time": 2210.1894340515137,
  "kg_co2_emissions": null
}