{
  "dataset_revision": "8a9243d504a2039b3467abdef2208a127a5c0737",
  "task_name": "WebQAT2ITRetrieval",
  "mteb_version": "2.8.0",
  "scores": {
    "test": [
      {
        "ndcg_at_1": 0.01553,
        "ndcg_at_3": 0.02491,
        "ndcg_at_5": 0.02871,
        "ndcg_at_10": 0.03714,
        "ndcg_at_20": 0.04604,
        "ndcg_at_100": 0.07336,
        "ndcg_at_1000": 0.11494,
        "map_at_1": 0.01274,
        "map_at_3": 0.02078,
        "map_at_5": 0.02272,
        "map_at_10": 0.02612,
        "map_at_20": 0.02848,
        "map_at_100": 0.03203,
        "map_at_1000": 0.03336,
        "recall_at_1": 0.01274,
        "recall_at_3": 0.03126,
        "recall_at_5": 0.03963,
        "recall_at_10": 0.06432,
        "recall_at_20": 0.09677,
        "recall_at_100": 0.23477,
        "recall_at_1000": 0.54879,
        "accuracy": 0.01274,
        "precision_at_1": 0.01553,
        "precision_at_3": 0.01367,
        "precision_at_5": 0.01067,
        "precision_at_10": 0.00852,
        "precision_at_20": 0.00651,
        "precision_at_100": 0.00327,
        "precision_at_1000": 0.00078,
        "mrr_at_1": 0.01593,
        "mrr_at_3": 0.026351,
        "mrr_at_5": 0.029079,
        "mrr_at_10": 0.032841,
        "mrr_at_20": 0.035734,
        "mrr_at_100": 0.03958,
        "mrr_at_1000": 0.040841,
        "nauc_ndcg_at_1_max": 0.159253,
        "nauc_ndcg_at_1_std": 0.213381,
        "nauc_ndcg_at_1_diff1": 0.262386,
        "nauc_ndcg_at_3_max": 0.209277,
        "nauc_ndcg_at_3_std": 0.276692,
        "nauc_ndcg_at_3_diff1": 0.182297,
        "nauc_ndcg_at_5_max": 0.186521,
        "nauc_ndcg_at_5_std": 0.260216,
        "nauc_ndcg_at_5_diff1": 0.166519,
        "nauc_ndcg_at_10_max": 0.193865,
        "nauc_ndcg_at_10_std": 0.29282,
        "nauc_ndcg_at_10_diff1": 0.131832,
        "nauc_ndcg_at_20_max": 0.193602,
        "nauc_ndcg_at_20_std": 0.306,
        "nauc_ndcg_at_20_diff1": 0.116871,
        "nauc_ndcg_at_100_max": 0.195442,
        "nauc_ndcg_at_100_std": 0.356977,
        "nauc_ndcg_at_100_diff1": 0.085207,
        "nauc_ndcg_at_1000_max": 0.210364,
        "nauc_ndcg_at_1000_std": 0.400319,
        "nauc_ndcg_at_1000_diff1": 0.096141,
        "nauc_map_at_1_max": 0.173042,
        "nauc_map_at_1_std": 0.196781,
        "nauc_map_at_1_diff1": 0.265634,
        "nauc_map_at_3_max": 0.208229,
        "nauc_map_at_3_std": 0.268703,
        "nauc_map_at_3_diff1": 0.198819,
        "nauc_map_at_5_max": 0.192814,
        "nauc_map_at_5_std": 0.257908,
        "nauc_map_at_5_diff1": 0.185586,
        "nauc_map_at_10_max": 0.197195,
        "nauc_map_at_10_std": 0.277962,
        "nauc_map_at_10_diff1": 0.162074,
        "nauc_map_at_20_max": 0.196897,
        "nauc_map_at_20_std": 0.28516,
        "nauc_map_at_20_diff1": 0.152418,
        "nauc_map_at_100_max": 0.197591,
        "nauc_map_at_100_std": 0.300671,
        "nauc_map_at_100_diff1": 0.140849,
        "nauc_map_at_1000_max": 0.198673,
        "nauc_map_at_1000_std": 0.305175,
        "nauc_map_at_1000_diff1": 0.141319,
        "nauc_recall_at_1_max": 0.173042,
        "nauc_recall_at_1_std": 0.196781,
        "nauc_recall_at_1_diff1": 0.265634,
        "nauc_recall_at_3_max": 0.222383,
        "nauc_recall_at_3_std": 0.290327,
        "nauc_recall_at_3_diff1": 0.165143,
        "nauc_recall_at_5_max": 0.179112,
        "nauc_recall_at_5_std": 0.259585,
        "nauc_recall_at_5_diff1": 0.143226,
        "nauc_recall_at_10_max": 0.193773,
        "nauc_recall_at_10_std": 0.31567,
        "nauc_recall_at_10_diff1": 0.095683,
        "nauc_recall_at_20_max": 0.192611,
        "nauc_recall_at_20_std": 0.329904,
        "nauc_recall_at_20_diff1": 0.081238,
        "nauc_recall_at_100_max": 0.187617,
        "nauc_recall_at_100_std": 0.396394,
        "nauc_recall_at_100_diff1": 0.039319,
        "nauc_recall_at_1000_max": 0.224731,
        "nauc_recall_at_1000_std": 0.485215,
        "nauc_recall_at_1000_diff1": 0.071353,
        "nauc_precision_at_1_max": 0.159253,
        "nauc_precision_at_1_std": 0.213381,
        "nauc_precision_at_1_diff1": 0.262386,
        "nauc_precision_at_3_max": 0.213511,
        "nauc_precision_at_3_std": 0.293936,
        "nauc_precision_at_3_diff1": 0.150262,
        "nauc_precision_at_5_max": 0.182336,
        "nauc_precision_at_5_std": 0.263876,
        "nauc_precision_at_5_diff1": 0.13306,
        "nauc_precision_at_10_max": 0.199272,
        "nauc_precision_at_10_std": 0.31565,
        "nauc_precision_at_10_diff1": 0.085581,
        "nauc_precision_at_20_max": 0.196024,
        "nauc_precision_at_20_std": 0.333684,
        "nauc_precision_at_20_diff1": 0.070209,
        "nauc_precision_at_100_max": 0.198737,
        "nauc_precision_at_100_std": 0.402273,
        "nauc_precision_at_100_diff1": 0.038131,
        "nauc_precision_at_1000_max": 0.182295,
        "nauc_precision_at_1000_std": 0.413505,
        "nauc_precision_at_1000_diff1": 0.044571,
        "nauc_mrr_at_1_max": 0.163368,
        "nauc_mrr_at_1_std": 0.224594,
        "nauc_mrr_at_1_diff1": 0.241464,
        "nauc_mrr_at_3_max": 0.194464,
        "nauc_mrr_at_3_std": 0.27205,
        "nauc_mrr_at_3_diff1": 0.17688,
        "nauc_mrr_at_5_max": 0.183792,
        "nauc_mrr_at_5_std": 0.263891,
        "nauc_mrr_at_5_diff1": 0.16932,
        "nauc_mrr_at_10_max": 0.186117,
        "nauc_mrr_at_10_std": 0.277405,
        "nauc_mrr_at_10_diff1": 0.150913,
        "nauc_mrr_at_20_max": 0.187257,
        "nauc_mrr_at_20_std": 0.284443,
        "nauc_mrr_at_20_diff1": 0.145637,
        "nauc_mrr_at_100_max": 0.186782,
        "nauc_mrr_at_100_std": 0.295255,
        "nauc_mrr_at_100_diff1": 0.135764,
        "nauc_mrr_at_1000_max": 0.18735,
        "nauc_mrr_at_1000_std": 0.297561,
        "nauc_mrr_at_1000_diff1": 0.13633,
        "cv_recall_at_1": 0.01593,
        "cv_recall_at_3": 0.04022,
        "cv_recall_at_5": 0.05217,
        "cv_recall_at_10": 0.08084,
        "cv_recall_at_20": 0.12226,
        "cv_recall_at_100": 0.28554,
        "cv_recall_at_1000": 0.62764,
        "main_score": 0.03714,
        "hf_subset": "default",
        "languages": [
          "eng-Latn"
        ]
      }
    ]
  },
  "evaluation_time": 9230.964153528214,
  "kg_co2_emissions": null
}